<annotation>
	<folder>dataset</folder>
	<filename>img181.jpg</filename>
	<path>F:\1\yolov5_jumpgame\Game_Jump\dataset\img181.jpg</path>
	<source>
		<database>Unknown</database>
	</source>
	<size>
		<width>447</width>
		<height>842</height>
		<depth>3</depth>
	</size>
	<segmented>0</segmented>
	<object>
		<name>block</name>
		<pose>Unspecified</pose>
		<truncated>0</truncated>
		<difficult>0</difficult>
		<bndbox>
			<xmin>109</xmin>
			<ymin>414</ymin>
			<xmax>310</xmax>
			<ymax>583</ymax>
		</bndbox>
	</object>
	<object>
		<name>block</name>
		<pose>Unspecified</pose>
		<truncated>1</truncated>
		<difficult>0</difficult>
		<bndbox>
			<xmin>1</xmin>
			<ymin>519</ymin>
			<xmax>114</xmax>
			<ymax>690</ymax>
		</bndbox>
	</object>
	<object>
		<name>player</name>
		<pose>Unspecified</pose>
		<truncated>0</truncated>
		<difficult>0</difficult>
		<bndbox>
			<xmin>209</xmin>
			<ymin>376</ymin>
			<xmax>247</xmax>
			<ymax>467</ymax>
		</bndbox>
	</object>
</annotation>
