<annotation>
	<folder>JPEGImages</folder>
	<filename>img17.jpg</filename>
	<path>F:\1\yolov5_jumpgame\VOCdevkit\VOC2007\JPEGImages\img17.jpg</path>
	<source>
		<database>Unknown</database>
	</source>
	<size>
		<width>447</width>
		<height>842</height>
		<depth>3</depth>
	</size>
	<segmented>0</segmented>
	<object>
		<name>block</name>
		<pose>Unspecified</pose>
		<truncated>0</truncated>
		<difficult>0</difficult>
		<bndbox>
			<xmin>48</xmin>
			<ymin>468</ymin>
			<xmax>227</xmax>
			<ymax>624</ymax>
		</bndbox>
	</object>
	<object>
		<name>block</name>
		<pose>Unspecified</pose>
		<truncated>0</truncated>
		<difficult>0</difficult>
		<bndbox>
			<xmin>249</xmin>
			<ymin>349</ymin>
			<xmax>415</xmax>
			<ymax>502</ymax>
		</bndbox>
	</object>
	<object>
		<name>block</name>
		<pose>Unspecified</pose>
		<truncated>0</truncated>
		<difficult>0</difficult>
		<bndbox>
			<xmin>104</xmin>
			<ymin>691</ymin>
			<xmax>198</xmax>
			<ymax>807</ymax>
		</bndbox>
	</object>
	<object>
		<name>player</name>
		<pose>Unspecified</pose>
		<truncated>0</truncated>
		<difficult>0</difficult>
		<bndbox>
			<xmin>94</xmin>
			<ymin>466</ymin>
			<xmax>137</xmax>
			<ymax>550</ymax>
		</bndbox>
	</object>
</annotation>
