<annotation>
	<folder>dataset</folder>
	<filename>img136.jpg</filename>
	<path>F:\1\yolov5_jumpgame\Game_Jump\dataset\img136.jpg</path>
	<source>
		<database>Unknown</database>
	</source>
	<size>
		<width>447</width>
		<height>842</height>
		<depth>3</depth>
	</size>
	<segmented>0</segmented>
	<object>
		<name>block</name>
		<pose>Unspecified</pose>
		<truncated>1</truncated>
		<difficult>0</difficult>
		<bndbox>
			<xmin>272</xmin>
			<ymin>333</ymin>
			<xmax>447</xmax>
			<ymax>494</ymax>
		</bndbox>
	</object>
	<object>
		<name>block</name>
		<pose>Unspecified</pose>
		<truncated>0</truncated>
		<difficult>0</difficult>
		<bndbox>
			<xmin>92</xmin>
			<ymin>428</ymin>
			<xmax>288</xmax>
			<ymax>591</ymax>
		</bndbox>
	</object>
	<object>
		<name>player</name>
		<pose>Unspecified</pose>
		<truncated>0</truncated>
		<difficult>0</difficult>
		<bndbox>
			<xmin>139</xmin>
			<ymin>415</ymin>
			<xmax>175</xmax>
			<ymax>509</ymax>
		</bndbox>
	</object>
</annotation>
