<annotation>
	<folder>dataset</folder>
	<filename>img154.jpg</filename>
	<path>F:\1\yolov5_jumpgame\Game_Jump\dataset\img154.jpg</path>
	<source>
		<database>Unknown</database>
	</source>
	<size>
		<width>447</width>
		<height>842</height>
		<depth>3</depth>
	</size>
	<segmented>0</segmented>
	<object>
		<name>block</name>
		<pose>Unspecified</pose>
		<truncated>0</truncated>
		<difficult>0</difficult>
		<bndbox>
			<xmin>59</xmin>
			<ymin>152</ymin>
			<xmax>234</xmax>
			<ymax>303</ymax>
		</bndbox>
	</object>
	<object>
		<name>block</name>
		<pose>Unspecified</pose>
		<truncated>0</truncated>
		<difficult>0</difficult>
		<bndbox>
			<xmin>230</xmin>
			<ymin>367</ymin>
			<xmax>431</xmax>
			<ymax>544</ymax>
		</bndbox>
	</object>
	<object>
		<name>block</name>
		<pose>Unspecified</pose>
		<truncated>0</truncated>
		<difficult>0</difficult>
		<bndbox>
			<xmin>45</xmin>
			<ymin>486</ymin>
			<xmax>239</xmax>
			<ymax>651</ymax>
		</bndbox>
	</object>
	<object>
		<name>player</name>
		<pose>Unspecified</pose>
		<truncated>0</truncated>
		<difficult>0</difficult>
		<bndbox>
			<xmin>304</xmin>
			<ymin>351</ymin>
			<xmax>343</xmax>
			<ymax>446</ymax>
		</bndbox>
	</object>
</annotation>
