<annotation>
	<folder>dataset</folder>
	<filename>img131.jpg</filename>
	<path>F:\1\yolov5_jumpgame\Game_Jump\dataset\img131.jpg</path>
	<source>
		<database>Unknown</database>
	</source>
	<size>
		<width>447</width>
		<height>842</height>
		<depth>3</depth>
	</size>
	<segmented>0</segmented>
	<object>
		<name>block</name>
		<pose>Unspecified</pose>
		<truncated>0</truncated>
		<difficult>0</difficult>
		<bndbox>
			<xmin>119</xmin>
			<ymin>389</ymin>
			<xmax>216</xmax>
			<ymax>491</ymax>
		</bndbox>
	</object>
	<object>
		<name>block</name>
		<pose>Unspecified</pose>
		<truncated>0</truncated>
		<difficult>0</difficult>
		<bndbox>
			<xmin>246</xmin>
			<ymin>456</ymin>
			<xmax>357</xmax>
			<ymax>573</ymax>
		</bndbox>
	</object>
	<object>
		<name>block</name>
		<pose>Unspecified</pose>
		<truncated>1</truncated>
		<difficult>0</difficult>
		<bndbox>
			<xmin>274</xmin>
			<ymin>648</ymin>
			<xmax>447</xmax>
			<ymax>815</ymax>
		</bndbox>
	</object>
	<object>
		<name>player</name>
		<pose>Unspecified</pose>
		<truncated>0</truncated>
		<difficult>0</difficult>
		<bndbox>
			<xmin>304</xmin>
			<ymin>418</ymin>
			<xmax>341</xmax>
			<ymax>513</ymax>
		</bndbox>
	</object>
</annotation>
