<annotation>
	<folder>dataset</folder>
	<filename>img119.jpg</filename>
	<path>F:\1\yolov5_jumpgame\Game_Jump\dataset\img119.jpg</path>
	<source>
		<database>Unknown</database>
	</source>
	<size>
		<width>447</width>
		<height>842</height>
		<depth>3</depth>
	</size>
	<segmented>0</segmented>
	<object>
		<name>block</name>
		<pose>Unspecified</pose>
		<truncated>0</truncated>
		<difficult>0</difficult>
		<bndbox>
			<xmin>32</xmin>
			<ymin>261</ymin>
			<xmax>220</xmax>
			<ymax>431</ymax>
		</bndbox>
	</object>
	<object>
		<name>block</name>
		<pose>Unspecified</pose>
		<truncated>0</truncated>
		<difficult>0</difficult>
		<bndbox>
			<xmin>273</xmin>
			<ymin>448</ymin>
			<xmax>386</xmax>
			<ymax>562</ymax>
		</bndbox>
	</object>
	<object>
		<name>block</name>
		<pose>Unspecified</pose>
		<truncated>0</truncated>
		<difficult>0</difficult>
		<bndbox>
			<xmin>79</xmin>
			<ymin>511</ymin>
			<xmax>271</xmax>
			<ymax>686</ymax>
		</bndbox>
	</object>
	<object>
		<name>player</name>
		<pose>Unspecified</pose>
		<truncated>0</truncated>
		<difficult>0</difficult>
		<bndbox>
			<xmin>311</xmin>
			<ymin>398</ymin>
			<xmax>351</xmax>
			<ymax>486</ymax>
		</bndbox>
	</object>
</annotation>
