<annotation>
	<folder>dataset</folder>
	<filename>img158.jpg</filename>
	<path>F:\1\yolov5_jumpgame\Game_Jump\dataset\img158.jpg</path>
	<source>
		<database>Unknown</database>
	</source>
	<size>
		<width>447</width>
		<height>842</height>
		<depth>3</depth>
	</size>
	<segmented>0</segmented>
	<object>
		<name>block</name>
		<pose>Unspecified</pose>
		<truncated>0</truncated>
		<difficult>0</difficult>
		<bndbox>
			<xmin>2</xmin>
			<ymin>324</ymin>
			<xmax>239</xmax>
			<ymax>506</ymax>
		</bndbox>
	</object>
	<object>
		<name>block</name>
		<pose>Unspecified</pose>
		<truncated>0</truncated>
		<difficult>0</difficult>
		<bndbox>
			<xmin>256</xmin>
			<ymin>469</ymin>
			<xmax>445</xmax>
			<ymax>640</ymax>
		</bndbox>
	</object>
	<object>
		<name>player</name>
		<pose>Unspecified</pose>
		<truncated>0</truncated>
		<difficult>0</difficult>
		<bndbox>
			<xmin>297</xmin>
			<ymin>435</ymin>
			<xmax>339</xmax>
			<ymax>520</ymax>
		</bndbox>
	</object>
</annotation>
