<annotation>
	<folder>dataset</folder>
	<filename>img114.jpg</filename>
	<path>F:\1\yolov5_jumpgame\Game_Jump\dataset\img114.jpg</path>
	<source>
		<database>Unknown</database>
	</source>
	<size>
		<width>447</width>
		<height>842</height>
		<depth>3</depth>
	</size>
	<segmented>0</segmented>
	<object>
		<name>block</name>
		<pose>Unspecified</pose>
		<truncated>0</truncated>
		<difficult>0</difficult>
		<bndbox>
			<xmin>240</xmin>
			<ymin>343</ymin>
			<xmax>425</xmax>
			<ymax>510</ymax>
		</bndbox>
	</object>
	<object>
		<name>block</name>
		<pose>Unspecified</pose>
		<truncated>0</truncated>
		<difficult>0</difficult>
		<bndbox>
			<xmin>50</xmin>
			<ymin>455</ymin>
			<xmax>231</xmax>
			<ymax>621</ymax>
		</bndbox>
	</object>
	<object>
		<name>block</name>
		<pose>Unspecified</pose>
		<truncated>0</truncated>
		<difficult>0</difficult>
		<bndbox>
			<xmin>88</xmin>
			<ymin>701</ymin>
			<xmax>223</xmax>
			<ymax>824</ymax>
		</bndbox>
	</object>
	<object>
		<name>player</name>
		<pose>Unspecified</pose>
		<truncated>0</truncated>
		<difficult>0</difficult>
		<bndbox>
			<xmin>324</xmin>
			<ymin>311</ymin>
			<xmax>361</xmax>
			<ymax>401</ymax>
		</bndbox>
	</object>
</annotation>
