<annotation>
	<folder>dataset</folder>
	<filename>img182.jpg</filename>
	<path>F:\1\yolov5_jumpgame\Game_Jump\dataset\img182.jpg</path>
	<source>
		<database>Unknown</database>
	</source>
	<size>
		<width>447</width>
		<height>842</height>
		<depth>3</depth>
	</size>
	<segmented>0</segmented>
	<object>
		<name>block</name>
		<pose>Unspecified</pose>
		<truncated>0</truncated>
		<difficult>0</difficult>
		<bndbox>
			<xmin>46</xmin>
			<ymin>338</ymin>
			<xmax>229</xmax>
			<ymax>515</ymax>
		</bndbox>
	</object>
	<object>
		<name>block</name>
		<pose>Unspecified</pose>
		<truncated>0</truncated>
		<difficult>0</difficult>
		<bndbox>
			<xmin>191</xmin>
			<ymin>426</ymin>
			<xmax>362</xmax>
			<ymax>581</ymax>
		</bndbox>
	</object>
	<object>
		<name>block</name>
		<pose>Unspecified</pose>
		<truncated>1</truncated>
		<difficult>0</difficult>
		<bndbox>
			<xmin>168</xmin>
			<ymin>671</ymin>
			<xmax>364</xmax>
			<ymax>842</ymax>
		</bndbox>
	</object>
	<object>
		<name>player</name>
		<pose>Unspecified</pose>
		<truncated>0</truncated>
		<difficult>0</difficult>
		<bndbox>
			<xmin>275</xmin>
			<ymin>406</ymin>
			<xmax>314</xmax>
			<ymax>497</ymax>
		</bndbox>
	</object>
</annotation>
