<annotation>
	<folder>dataset</folder>
	<filename>img129.jpg</filename>
	<path>F:\1\yolov5_jumpgame\Game_Jump\dataset\img129.jpg</path>
	<source>
		<database>Unknown</database>
	</source>
	<size>
		<width>447</width>
		<height>842</height>
		<depth>3</depth>
	</size>
	<segmented>0</segmented>
	<object>
		<name>block</name>
		<pose>Unspecified</pose>
		<truncated>0</truncated>
		<difficult>0</difficult>
		<bndbox>
			<xmin>34</xmin>
			<ymin>339</ymin>
			<xmax>217</xmax>
			<ymax>504</ymax>
		</bndbox>
	</object>
	<object>
		<name>block</name>
		<pose>Unspecified</pose>
		<truncated>0</truncated>
		<difficult>0</difficult>
		<bndbox>
			<xmin>241</xmin>
			<ymin>455</ymin>
			<xmax>416</xmax>
			<ymax>617</ymax>
		</bndbox>
	</object>
	<object>
		<name>player</name>
		<pose>Unspecified</pose>
		<truncated>0</truncated>
		<difficult>0</difficult>
		<bndbox>
			<xmin>347</xmin>
			<ymin>447</ymin>
			<xmax>393</xmax>
			<ymax>541</ymax>
		</bndbox>
	</object>
</annotation>
