<annotation>
	<folder>dataset</folder>
	<filename>img189.jpg</filename>
	<path>F:\1\yolov5_jumpgame\Game_Jump\dataset\img189.jpg</path>
	<source>
		<database>Unknown</database>
	</source>
	<size>
		<width>447</width>
		<height>842</height>
		<depth>3</depth>
	</size>
	<segmented>0</segmented>
	<object>
		<name>block</name>
		<pose>Unspecified</pose>
		<truncated>0</truncated>
		<difficult>0</difficult>
		<bndbox>
			<xmin>263</xmin>
			<ymin>371</ymin>
			<xmax>380</xmax>
			<ymax>484</ymax>
		</bndbox>
	</object>
	<object>
		<name>block</name>
		<pose>Unspecified</pose>
		<truncated>0</truncated>
		<difficult>0</difficult>
		<bndbox>
			<xmin>62</xmin>
			<ymin>461</ymin>
			<xmax>238</xmax>
			<ymax>615</ymax>
		</bndbox>
	</object>
	<object>
		<name>player</name>
		<pose>Unspecified</pose>
		<truncated>0</truncated>
		<difficult>0</difficult>
		<bndbox>
			<xmin>116</xmin>
			<ymin>446</ymin>
			<xmax>155</xmax>
			<ymax>532</ymax>
		</bndbox>
	</object>
</annotation>
