<annotation>
	<folder>dataset</folder>
	<filename>img135.jpg</filename>
	<path>F:\1\yolov5_jumpgame\Game_Jump\dataset\img135.jpg</path>
	<source>
		<database>Unknown</database>
	</source>
	<size>
		<width>447</width>
		<height>842</height>
		<depth>3</depth>
	</size>
	<segmented>0</segmented>
	<object>
		<name>block</name>
		<pose>Unspecified</pose>
		<truncated>0</truncated>
		<difficult>0</difficult>
		<bndbox>
			<xmin>227</xmin>
			<ymin>370</ymin>
			<xmax>400</xmax>
			<ymax>521</ymax>
		</bndbox>
	</object>
	<object>
		<name>block</name>
		<pose>Unspecified</pose>
		<truncated>0</truncated>
		<difficult>0</difficult>
		<bndbox>
			<xmin>74</xmin>
			<ymin>446</ymin>
			<xmax>244</xmax>
			<ymax>605</ymax>
		</bndbox>
	</object>
	<object>
		<name>block</name>
		<pose>Unspecified</pose>
		<truncated>1</truncated>
		<difficult>0</difficult>
		<bndbox>
			<xmin>293</xmin>
			<ymin>566</ymin>
			<xmax>447</xmax>
			<ymax>739</ymax>
		</bndbox>
	</object>
	<object>
		<name>block</name>
		<pose>Unspecified</pose>
		<truncated>0</truncated>
		<difficult>0</difficult>
		<bndbox>
			<xmin>107</xmin>
			<ymin>681</ymin>
			<xmax>309</xmax>
			<ymax>835</ymax>
		</bndbox>
	</object>
	<object>
		<name>player</name>
		<pose>Unspecified</pose>
		<truncated>0</truncated>
		<difficult>0</difficult>
		<bndbox>
			<xmin>235</xmin>
			<ymin>424</ymin>
			<xmax>275</xmax>
			<ymax>511</ymax>
		</bndbox>
	</object>
</annotation>
