<annotation>
	<folder>dataset</folder>
	<filename>img199.jpg</filename>
	<path>F:\1\yolov5_jumpgame\Game_Jump\dataset\img199.jpg</path>
	<source>
		<database>Unknown</database>
	</source>
	<size>
		<width>447</width>
		<height>842</height>
		<depth>3</depth>
	</size>
	<segmented>0</segmented>
	<object>
		<name>block</name>
		<pose>Unspecified</pose>
		<truncated>0</truncated>
		<difficult>0</difficult>
		<bndbox>
			<xmin>193</xmin>
			<ymin>368</ymin>
			<xmax>379</xmax>
			<ymax>543</ymax>
		</bndbox>
	</object>
	<object>
		<name>block</name>
		<pose>Unspecified</pose>
		<truncated>0</truncated>
		<difficult>0</difficult>
		<bndbox>
			<xmin>103</xmin>
			<ymin>437</ymin>
			<xmax>272</xmax>
			<ymax>588</ymax>
		</bndbox>
	</object>
	<object>
		<name>block</name>
		<pose>Unspecified</pose>
		<truncated>1</truncated>
		<difficult>0</difficult>
		<bndbox>
			<xmin>1</xmin>
			<ymin>513</ymin>
			<xmax>137</xmax>
			<ymax>684</ymax>
		</bndbox>
	</object>
	<object>
		<name>player</name>
		<pose>Unspecified</pose>
		<truncated>0</truncated>
		<difficult>0</difficult>
		<bndbox>
			<xmin>175</xmin>
			<ymin>401</ymin>
			<xmax>207</xmax>
			<ymax>490</ymax>
		</bndbox>
	</object>
</annotation>
