<annotation>
	<folder>dataset</folder>
	<filename>img156.jpg</filename>
	<path>F:\1\yolov5_jumpgame\Game_Jump\dataset\img156.jpg</path>
	<source>
		<database>Unknown</database>
	</source>
	<size>
		<width>447</width>
		<height>842</height>
		<depth>3</depth>
	</size>
	<segmented>0</segmented>
	<object>
		<name>block</name>
		<pose>Unspecified</pose>
		<truncated>0</truncated>
		<difficult>0</difficult>
		<bndbox>
			<xmin>254</xmin>
			<ymin>346</ymin>
			<xmax>417</xmax>
			<ymax>502</ymax>
		</bndbox>
	</object>
	<object>
		<name>block</name>
		<pose>Unspecified</pose>
		<truncated>0</truncated>
		<difficult>0</difficult>
		<bndbox>
			<xmin>55</xmin>
			<ymin>462</ymin>
			<xmax>230</xmax>
			<ymax>620</ymax>
		</bndbox>
	</object>
	<object>
		<name>block</name>
		<pose>Unspecified</pose>
		<truncated>0</truncated>
		<difficult>0</difficult>
		<bndbox>
			<xmin>292</xmin>
			<ymin>599</ymin>
			<xmax>426</xmax>
			<ymax>746</ymax>
		</bndbox>
	</object>
	<object>
		<name>player</name>
		<pose>Unspecified</pose>
		<truncated>0</truncated>
		<difficult>0</difficult>
		<bndbox>
			<xmin>138</xmin>
			<ymin>438</ymin>
			<xmax>174</xmax>
			<ymax>528</ymax>
		</bndbox>
	</object>
</annotation>
