<annotation>
	<folder>dataset</folder>
	<filename>img179.jpg</filename>
	<path>F:\1\yolov5_jumpgame\Game_Jump\dataset\img179.jpg</path>
	<source>
		<database>Unknown</database>
	</source>
	<size>
		<width>447</width>
		<height>842</height>
		<depth>3</depth>
	</size>
	<segmented>0</segmented>
	<object>
		<name>block</name>
		<pose>Unspecified</pose>
		<truncated>0</truncated>
		<difficult>0</difficult>
		<bndbox>
			<xmin>205</xmin>
			<ymin>393</ymin>
			<xmax>353</xmax>
			<ymax>523</ymax>
		</bndbox>
	</object>
	<object>
		<name>block</name>
		<pose>Unspecified</pose>
		<truncated>0</truncated>
		<difficult>0</difficult>
		<bndbox>
			<xmin>122</xmin>
			<ymin>442</ymin>
			<xmax>272</xmax>
			<ymax>578</ymax>
		</bndbox>
	</object>
	<object>
		<name>player</name>
		<pose>Unspecified</pose>
		<truncated>0</truncated>
		<difficult>0</difficult>
		<bndbox>
			<xmin>147</xmin>
			<ymin>419</ymin>
			<xmax>187</xmax>
			<ymax>507</ymax>
		</bndbox>
	</object>
</annotation>
