<annotation>
	<folder>dataset</folder>
	<filename>img160.jpg</filename>
	<path>F:\1\yolov5_jumpgame\Game_Jump\dataset\img160.jpg</path>
	<source>
		<database>Unknown</database>
	</source>
	<size>
		<width>447</width>
		<height>842</height>
		<depth>3</depth>
	</size>
	<segmented>0</segmented>
	<object>
		<name>block</name>
		<pose>Unspecified</pose>
		<truncated>0</truncated>
		<difficult>0</difficult>
		<bndbox>
			<xmin>11</xmin>
			<ymin>324</ymin>
			<xmax>209</xmax>
			<ymax>497</ymax>
		</bndbox>
	</object>
	<object>
		<name>block</name>
		<pose>Unspecified</pose>
		<truncated>1</truncated>
		<difficult>0</difficult>
		<bndbox>
			<xmin>263</xmin>
			<ymin>466</ymin>
			<xmax>447</xmax>
			<ymax>642</ymax>
		</bndbox>
	</object>
	<object>
		<name>block</name>
		<pose>Unspecified</pose>
		<truncated>0</truncated>
		<difficult>0</difficult>
		<bndbox>
			<xmin>72</xmin>
			<ymin>574</ymin>
			<xmax>273</xmax>
			<ymax>745</ymax>
		</bndbox>
	</object>
	<object>
		<name>player</name>
		<pose>Unspecified</pose>
		<truncated>0</truncated>
		<difficult>0</difficult>
		<bndbox>
			<xmin>127</xmin>
			<ymin>307</ymin>
			<xmax>168</xmax>
			<ymax>389</ymax>
		</bndbox>
	</object>
</annotation>
