<annotation>
	<folder>dataset</folder>
	<filename>img16.jpg</filename>
	<path>F:\1\yolov5_jumpgame\Game_Jump\dataset\img16.jpg</path>
	<source>
		<database>Unknown</database>
	</source>
	<size>
		<width>447</width>
		<height>842</height>
		<depth>3</depth>
	</size>
	<segmented>0</segmented>
	<object>
		<name>block</name>
		<pose>Unspecified</pose>
		<truncated>0</truncated>
		<difficult>0</difficult>
		<bndbox>
			<xmin>48</xmin>
			<ymin>344</ymin>
			<xmax>234</xmax>
			<ymax>513</ymax>
		</bndbox>
	</object>
	<object>
		<name>block</name>
		<pose>Unspecified</pose>
		<truncated>0</truncated>
		<difficult>0</difficult>
		<bndbox>
			<xmin>284</xmin>
			<ymin>486</ymin>
			<xmax>376</xmax>
			<ymax>597</ymax>
		</bndbox>
	</object>
	<object>
		<name>player</name>
		<pose>Unspecified</pose>
		<truncated>0</truncated>
		<difficult>0</difficult>
		<bndbox>
			<xmin>298</xmin>
			<ymin>430</ymin>
			<xmax>337</xmax>
			<ymax>517</ymax>
		</bndbox>
	</object>
</annotation>
