<annotation>
	<folder>dataset</folder>
	<filename>img172.jpg</filename>
	<path>F:\1\yolov5_jumpgame\Game_Jump\dataset\img172.jpg</path>
	<source>
		<database>Unknown</database>
	</source>
	<size>
		<width>447</width>
		<height>842</height>
		<depth>3</depth>
	</size>
	<segmented>0</segmented>
	<object>
		<name>block</name>
		<pose>Unspecified</pose>
		<truncated>0</truncated>
		<difficult>0</difficult>
		<bndbox>
			<xmin>86</xmin>
			<ymin>361</ymin>
			<xmax>196</xmax>
			<ymax>490</ymax>
		</bndbox>
	</object>
	<object>
		<name>block</name>
		<pose>Unspecified</pose>
		<truncated>0</truncated>
		<difficult>0</difficult>
		<bndbox>
			<xmin>251</xmin>
			<ymin>465</ymin>
			<xmax>411</xmax>
			<ymax>617</ymax>
		</bndbox>
	</object>
	<object>
		<name>player</name>
		<pose>Unspecified</pose>
		<truncated>0</truncated>
		<difficult>0</difficult>
		<bndbox>
			<xmin>322</xmin>
			<ymin>446</ymin>
			<xmax>360</xmax>
			<ymax>528</ymax>
		</bndbox>
	</object>
</annotation>
