<annotation>
	<folder>dataset</folder>
	<filename>img148.jpg</filename>
	<path>F:\1\yolov5_jumpgame\Game_Jump\dataset\img148.jpg</path>
	<source>
		<database>Unknown</database>
	</source>
	<size>
		<width>447</width>
		<height>842</height>
		<depth>3</depth>
	</size>
	<segmented>0</segmented>
	<object>
		<name>block</name>
		<pose>Unspecified</pose>
		<truncated>0</truncated>
		<difficult>0</difficult>
		<bndbox>
			<xmin>212</xmin>
			<ymin>374</ymin>
			<xmax>366</xmax>
			<ymax>529</ymax>
		</bndbox>
	</object>
	<object>
		<name>block</name>
		<pose>Unspecified</pose>
		<truncated>0</truncated>
		<difficult>0</difficult>
		<bndbox>
			<xmin>84</xmin>
			<ymin>440</ymin>
			<xmax>280</xmax>
			<ymax>597</ymax>
		</bndbox>
	</object>
	<object>
		<name>player</name>
		<pose>Unspecified</pose>
		<truncated>0</truncated>
		<difficult>0</difficult>
		<bndbox>
			<xmin>142</xmin>
			<ymin>422</ymin>
			<xmax>180</xmax>
			<ymax>513</ymax>
		</bndbox>
	</object>
</annotation>
