<annotation>
	<folder>dataset</folder>
	<filename>img108.jpg</filename>
	<path>F:\1\yolov5_jumpgame\Game_Jump\dataset\img108.jpg</path>
	<source>
		<database>Unknown</database>
	</source>
	<size>
		<width>447</width>
		<height>842</height>
		<depth>3</depth>
	</size>
	<segmented>0</segmented>
	<object>
		<name>block</name>
		<pose>Unspecified</pose>
		<truncated>1</truncated>
		<difficult>0</difficult>
		<bndbox>
			<xmin>279</xmin>
			<ymin>310</ymin>
			<xmax>447</xmax>
			<ymax>487</ymax>
		</bndbox>
	</object>
	<object>
		<name>block</name>
		<pose>Unspecified</pose>
		<truncated>0</truncated>
		<difficult>0</difficult>
		<bndbox>
			<xmin>94</xmin>
			<ymin>433</ymin>
			<xmax>282</xmax>
			<ymax>594</ymax>
		</bndbox>
	</object>
	<object>
		<name>player</name>
		<pose>Unspecified</pose>
		<truncated>0</truncated>
		<difficult>0</difficult>
		<bndbox>
			<xmin>161</xmin>
			<ymin>405</ymin>
			<xmax>196</xmax>
			<ymax>494</ymax>
		</bndbox>
	</object>
</annotation>
