<annotation>
	<folder>dataset</folder>
	<filename>img152.jpg</filename>
	<path>F:\1\yolov5_jumpgame\Game_Jump\dataset\img152.jpg</path>
	<source>
		<database>Unknown</database>
	</source>
	<size>
		<width>447</width>
		<height>842</height>
		<depth>3</depth>
	</size>
	<segmented>0</segmented>
	<object>
		<name>block</name>
		<pose>Unspecified</pose>
		<truncated>0</truncated>
		<difficult>0</difficult>
		<bndbox>
			<xmin>106</xmin>
			<ymin>360</ymin>
			<xmax>262</xmax>
			<ymax>506</ymax>
		</bndbox>
	</object>
	<object>
		<name>block</name>
		<pose>Unspecified</pose>
		<truncated>0</truncated>
		<difficult>0</difficult>
		<bndbox>
			<xmin>204</xmin>
			<ymin>414</ymin>
			<xmax>371</xmax>
			<ymax>579</ymax>
		</bndbox>
	</object>
	<object>
		<name>block</name>
		<pose>Unspecified</pose>
		<truncated>0</truncated>
		<difficult>0</difficult>
		<bndbox>
			<xmin>130</xmin>
			<ymin>485</ymin>
			<xmax>246</xmax>
			<ymax>610</ymax>
		</bndbox>
	</object>
	<object>
		<name>player</name>
		<pose>Unspecified</pose>
		<truncated>0</truncated>
		<difficult>0</difficult>
		<bndbox>
			<xmin>260</xmin>
			<ymin>389</ymin>
			<xmax>294</xmax>
			<ymax>481</ymax>
		</bndbox>
	</object>
</annotation>
