<annotation>
	<folder>dataset</folder>
	<filename>img109.jpg</filename>
	<path>F:\1\yolov5_jumpgame\Game_Jump\dataset\img109.jpg</path>
	<source>
		<database>Unknown</database>
	</source>
	<size>
		<width>447</width>
		<height>842</height>
		<depth>3</depth>
	</size>
	<segmented>0</segmented>
	<object>
		<name>block</name>
		<pose>Unspecified</pose>
		<truncated>0</truncated>
		<difficult>0</difficult>
		<bndbox>
			<xmin>54</xmin>
			<ymin>345</ymin>
			<xmax>185</xmax>
			<ymax>470</ymax>
		</bndbox>
	</object>
	<object>
		<name>block</name>
		<pose>Unspecified</pose>
		<truncated>1</truncated>
		<difficult>0</difficult>
		<bndbox>
			<xmin>248</xmin>
			<ymin>450</ymin>
			<xmax>447</xmax>
			<ymax>624</ymax>
		</bndbox>
	</object>
	<object>
		<name>block</name>
		<pose>Unspecified</pose>
		<truncated>0</truncated>
		<difficult>0</difficult>
		<bndbox>
			<xmin>62</xmin>
			<ymin>561</ymin>
			<xmax>258</xmax>
			<ymax>741</ymax>
		</bndbox>
	</object>
	<object>
		<name>player</name>
		<pose>Unspecified</pose>
		<truncated>0</truncated>
		<difficult>0</difficult>
		<bndbox>
			<xmin>316</xmin>
			<ymin>440</ymin>
			<xmax>356</xmax>
			<ymax>533</ymax>
		</bndbox>
	</object>
</annotation>
