<annotation>
	<folder>dataset</folder>
	<filename>img125.jpg</filename>
	<path>F:\1\yolov5_jumpgame\Game_Jump\dataset\img125.jpg</path>
	<source>
		<database>Unknown</database>
	</source>
	<size>
		<width>447</width>
		<height>842</height>
		<depth>3</depth>
	</size>
	<segmented>0</segmented>
	<object>
		<name>block</name>
		<pose>Unspecified</pose>
		<truncated>0</truncated>
		<difficult>0</difficult>
		<bndbox>
			<xmin>237</xmin>
			<ymin>373</ymin>
			<xmax>368</xmax>
			<ymax>512</ymax>
		</bndbox>
	</object>
	<object>
		<name>block</name>
		<pose>Unspecified</pose>
		<truncated>0</truncated>
		<difficult>0</difficult>
		<bndbox>
			<xmin>72</xmin>
			<ymin>436</ymin>
			<xmax>269</xmax>
			<ymax>606</ymax>
		</bndbox>
	</object>
	<object>
		<name>player</name>
		<pose>Unspecified</pose>
		<truncated>0</truncated>
		<difficult>0</difficult>
		<bndbox>
			<xmin>295</xmin>
			<ymin>312</ymin>
			<xmax>341</xmax>
			<ymax>401</ymax>
		</bndbox>
	</object>
</annotation>
