<annotation>
	<folder>dataset</folder>
	<filename>img145.jpg</filename>
	<path>F:\1\yolov5_jumpgame\Game_Jump\dataset\img145.jpg</path>
	<source>
		<database>Unknown</database>
	</source>
	<size>
		<width>447</width>
		<height>842</height>
		<depth>3</depth>
	</size>
	<segmented>0</segmented>
	<object>
		<name>block</name>
		<pose>Unspecified</pose>
		<truncated>0</truncated>
		<difficult>0</difficult>
		<bndbox>
			<xmin>227</xmin>
			<ymin>361</ymin>
			<xmax>388</xmax>
			<ymax>523</ymax>
		</bndbox>
	</object>
	<object>
		<name>block</name>
		<pose>Unspecified</pose>
		<truncated>0</truncated>
		<difficult>0</difficult>
		<bndbox>
			<xmin>72</xmin>
			<ymin>446</ymin>
			<xmax>253</xmax>
			<ymax>606</ymax>
		</bndbox>
	</object>
	<object>
		<name>block</name>
		<pose>Unspecified</pose>
		<truncated>0</truncated>
		<difficult>0</difficult>
		<bndbox>
			<xmin>270</xmin>
			<ymin>554</ymin>
			<xmax>426</xmax>
			<ymax>705</ymax>
		</bndbox>
	</object>
	<object>
		<name>player</name>
		<pose>Unspecified</pose>
		<truncated>0</truncated>
		<difficult>0</difficult>
		<bndbox>
			<xmin>138</xmin>
			<ymin>407</ymin>
			<xmax>175</xmax>
			<ymax>499</ymax>
		</bndbox>
	</object>
</annotation>
