<annotation>
	<folder>dataset</folder>
	<filename>img150.jpg</filename>
	<path>F:\1\yolov5_jumpgame\Game_Jump\dataset\img150.jpg</path>
	<source>
		<database>Unknown</database>
	</source>
	<size>
		<width>447</width>
		<height>842</height>
		<depth>3</depth>
	</size>
	<segmented>0</segmented>
	<object>
		<name>block</name>
		<pose>Unspecified</pose>
		<truncated>0</truncated>
		<difficult>0</difficult>
		<bndbox>
			<xmin>61</xmin>
			<ymin>356</ymin>
			<xmax>253</xmax>
			<ymax>521</ymax>
		</bndbox>
	</object>
	<object>
		<name>block</name>
		<pose>Unspecified</pose>
		<truncated>0</truncated>
		<difficult>0</difficult>
		<bndbox>
			<xmin>228</xmin>
			<ymin>456</ymin>
			<xmax>414</xmax>
			<ymax>610</ymax>
		</bndbox>
	</object>
	<object>
		<name>block</name>
		<pose>Unspecified</pose>
		<truncated>0</truncated>
		<difficult>0</difficult>
		<bndbox>
			<xmin>83</xmin>
			<ymin>541</ymin>
			<xmax>254</xmax>
			<ymax>691</ymax>
		</bndbox>
	</object>
	<object>
		<name>player</name>
		<pose>Unspecified</pose>
		<truncated>0</truncated>
		<difficult>0</difficult>
		<bndbox>
			<xmin>178</xmin>
			<ymin>408</ymin>
			<xmax>248</xmax>
			<ymax>459</ymax>
		</bndbox>
	</object>
</annotation>
