<annotation>
	<folder>dataset</folder>
	<filename>img106.jpg</filename>
	<path>F:\1\yolov5_jumpgame\Game_Jump\dataset\img106.jpg</path>
	<source>
		<database>Unknown</database>
	</source>
	<size>
		<width>447</width>
		<height>842</height>
		<depth>3</depth>
	</size>
	<segmented>0</segmented>
	<object>
		<name>block</name>
		<pose>Unspecified</pose>
		<truncated>0</truncated>
		<difficult>0</difficult>
		<bndbox>
			<xmin>98</xmin>
			<ymin>374</ymin>
			<xmax>270</xmax>
			<ymax>536</ymax>
		</bndbox>
	</object>
	<object>
		<name>block</name>
		<pose>Unspecified</pose>
		<truncated>0</truncated>
		<difficult>0</difficult>
		<bndbox>
			<xmin>190</xmin>
			<ymin>426</ymin>
			<xmax>393</xmax>
			<ymax>597</ymax>
		</bndbox>
	</object>
	<object>
		<name>block</name>
		<pose>Unspecified</pose>
		<truncated>1</truncated>
		<difficult>0</difficult>
		<bndbox>
			<xmin>1</xmin>
			<ymin>529</ymin>
			<xmax>196</xmax>
			<ymax>711</ymax>
		</bndbox>
	</object>
	<object>
		<name>player</name>
		<pose>Unspecified</pose>
		<truncated>0</truncated>
		<difficult>0</difficult>
		<bndbox>
			<xmin>286</xmin>
			<ymin>409</ymin>
			<xmax>324</xmax>
			<ymax>490</ymax>
		</bndbox>
	</object>
</annotation>
