<annotation>
	<folder>dataset</folder>
	<filename>img104.jpg</filename>
	<path>F:\1\yolov5_jumpgame\Game_Jump\dataset\img104.jpg</path>
	<source>
		<database>Unknown</database>
	</source>
	<size>
		<width>447</width>
		<height>842</height>
		<depth>3</depth>
	</size>
	<segmented>0</segmented>
	<object>
		<name>block</name>
		<pose>Unspecified</pose>
		<truncated>1</truncated>
		<difficult>0</difficult>
		<bndbox>
			<xmin>262</xmin>
			<ymin>329</ymin>
			<xmax>447</xmax>
			<ymax>495</ymax>
		</bndbox>
	</object>
	<object>
		<name>block</name>
		<pose>Unspecified</pose>
		<truncated>0</truncated>
		<difficult>0</difficult>
		<bndbox>
			<xmin>54</xmin>
			<ymin>481</ymin>
			<xmax>179</xmax>
			<ymax>609</ymax>
		</bndbox>
	</object>
	<object>
		<name>player</name>
		<pose>Unspecified</pose>
		<truncated>0</truncated>
		<difficult>0</difficult>
		<bndbox>
			<xmin>270</xmin>
			<ymin>350</ymin>
			<xmax>310</xmax>
			<ymax>438</ymax>
		</bndbox>
	</object>
</annotation>
