<annotation>
	<folder>dataset</folder>
	<filename>img194.jpg</filename>
	<path>F:\1\yolov5_jumpgame\Game_Jump\dataset\img194.jpg</path>
	<source>
		<database>Unknown</database>
	</source>
	<size>
		<width>447</width>
		<height>842</height>
		<depth>3</depth>
	</size>
	<segmented>0</segmented>
	<object>
		<name>block</name>
		<pose>Unspecified</pose>
		<truncated>0</truncated>
		<difficult>0</difficult>
		<bndbox>
			<xmin>242</xmin>
			<ymin>342</ymin>
			<xmax>429</xmax>
			<ymax>513</ymax>
		</bndbox>
	</object>
	<object>
		<name>block</name>
		<pose>Unspecified</pose>
		<truncated>0</truncated>
		<difficult>0</difficult>
		<bndbox>
			<xmin>54</xmin>
			<ymin>464</ymin>
			<xmax>230</xmax>
			<ymax>615</ymax>
		</bndbox>
	</object>
	<object>
		<name>player</name>
		<pose>Unspecified</pose>
		<truncated>0</truncated>
		<difficult>0</difficult>
		<bndbox>
			<xmin>124</xmin>
			<ymin>428</ymin>
			<xmax>160</xmax>
			<ymax>515</ymax>
		</bndbox>
	</object>
</annotation>
