<annotation>
	<folder>dataset</folder>
	<filename>img191.jpg</filename>
	<path>F:\1\yolov5_jumpgame\Game_Jump\dataset\img191.jpg</path>
	<source>
		<database>Unknown</database>
	</source>
	<size>
		<width>447</width>
		<height>842</height>
		<depth>3</depth>
	</size>
	<segmented>0</segmented>
	<object>
		<name>block</name>
		<pose>Unspecified</pose>
		<truncated>0</truncated>
		<difficult>0</difficult>
		<bndbox>
			<xmin>217</xmin>
			<ymin>374</ymin>
			<xmax>378</xmax>
			<ymax>527</ymax>
		</bndbox>
	</object>
	<object>
		<name>block</name>
		<pose>Unspecified</pose>
		<truncated>0</truncated>
		<difficult>0</difficult>
		<bndbox>
			<xmin>80</xmin>
			<ymin>431</ymin>
			<xmax>276</xmax>
			<ymax>607</ymax>
		</bndbox>
	</object>
	<object>
		<name>player</name>
		<pose>Unspecified</pose>
		<truncated>0</truncated>
		<difficult>0</difficult>
		<bndbox>
			<xmin>165</xmin>
			<ymin>408</ymin>
			<xmax>203</xmax>
			<ymax>493</ymax>
		</bndbox>
	</object>
</annotation>
