<annotation>
	<folder>dataset</folder>
	<filename>img123.jpg</filename>
	<path>F:\1\yolov5_jumpgame\Game_Jump\dataset\img123.jpg</path>
	<source>
		<database>Unknown</database>
	</source>
	<size>
		<width>447</width>
		<height>842</height>
		<depth>3</depth>
	</size>
	<segmented>0</segmented>
	<object>
		<name>block</name>
		<pose>Unspecified</pose>
		<truncated>0</truncated>
		<difficult>0</difficult>
		<bndbox>
			<xmin>49</xmin>
			<ymin>322</ymin>
			<xmax>210</xmax>
			<ymax>481</ymax>
		</bndbox>
	</object>
	<object>
		<name>block</name>
		<pose>Unspecified</pose>
		<truncated>0</truncated>
		<difficult>0</difficult>
		<bndbox>
			<xmin>279</xmin>
			<ymin>467</ymin>
			<xmax>383</xmax>
			<ymax>581</ymax>
		</bndbox>
	</object>
	<object>
		<name>block</name>
		<pose>Unspecified</pose>
		<truncated>0</truncated>
		<difficult>0</difficult>
		<bndbox>
			<xmin>137</xmin>
			<ymin>511</ymin>
			<xmax>313</xmax>
			<ymax>666</ymax>
		</bndbox>
	</object>
	<object>
		<name>player</name>
		<pose>Unspecified</pose>
		<truncated>0</truncated>
		<difficult>0</difficult>
		<bndbox>
			<xmin>306</xmin>
			<ymin>421</ymin>
			<xmax>341</xmax>
			<ymax>515</ymax>
		</bndbox>
	</object>
</annotation>
