<annotation>
	<folder>dataset</folder>
	<filename>img105.jpg</filename>
	<path>F:\1\yolov5_jumpgame\Game_Jump\dataset\img105.jpg</path>
	<source>
		<database>Unknown</database>
	</source>
	<size>
		<width>447</width>
		<height>842</height>
		<depth>3</depth>
	</size>
	<segmented>0</segmented>
	<object>
		<name>block</name>
		<pose>Unspecified</pose>
		<truncated>0</truncated>
		<difficult>0</difficult>
		<bndbox>
			<xmin>232</xmin>
			<ymin>346</ymin>
			<xmax>439</xmax>
			<ymax>519</ymax>
		</bndbox>
	</object>
	<object>
		<name>block</name>
		<pose>Unspecified</pose>
		<truncated>0</truncated>
		<difficult>0</difficult>
		<bndbox>
			<xmin>46</xmin>
			<ymin>453</ymin>
			<xmax>241</xmax>
			<ymax>622</ymax>
		</bndbox>
	</object>
	<object>
		<name>player</name>
		<pose>Unspecified</pose>
		<truncated>0</truncated>
		<difficult>0</difficult>
		<bndbox>
			<xmin>123</xmin>
			<ymin>426</ymin>
			<xmax>161</xmax>
			<ymax>516</ymax>
		</bndbox>
	</object>
</annotation>
