<annotation>
	<folder>dataset</folder>
	<filename>img178.jpg</filename>
	<path>F:\1\yolov5_jumpgame\Game_Jump\dataset\img178.jpg</path>
	<source>
		<database>Unknown</database>
	</source>
	<size>
		<width>447</width>
		<height>842</height>
		<depth>3</depth>
	</size>
	<segmented>0</segmented>
	<object>
		<name>block</name>
		<pose>Unspecified</pose>
		<truncated>0</truncated>
		<difficult>0</difficult>
		<bndbox>
			<xmin>283</xmin>
			<ymin>371</ymin>
			<xmax>380</xmax>
			<ymax>477</ymax>
		</bndbox>
	</object>
	<object>
		<name>block</name>
		<pose>Unspecified</pose>
		<truncated>0</truncated>
		<difficult>0</difficult>
		<bndbox>
			<xmin>90</xmin>
			<ymin>475</ymin>
			<xmax>202</xmax>
			<ymax>589</ymax>
		</bndbox>
	</object>
	<object>
		<name>block</name>
		<pose>Unspecified</pose>
		<truncated>0</truncated>
		<difficult>0</difficult>
		<bndbox>
			<xmin>244</xmin>
			<ymin>565</ymin>
			<xmax>344</xmax>
			<ymax>682</ymax>
		</bndbox>
	</object>
	<object>
		<name>player</name>
		<pose>Unspecified</pose>
		<truncated>0</truncated>
		<difficult>0</difficult>
		<bndbox>
			<xmin>114</xmin>
			<ymin>423</ymin>
			<xmax>152</xmax>
			<ymax>509</ymax>
		</bndbox>
	</object>
</annotation>
