<annotation>
	<folder>dataset</folder>
	<filename>img167.jpg</filename>
	<path>F:\1\yolov5_jumpgame\Game_Jump\dataset\img167.jpg</path>
	<source>
		<database>Unknown</database>
	</source>
	<size>
		<width>447</width>
		<height>842</height>
		<depth>3</depth>
	</size>
	<segmented>0</segmented>
	<object>
		<name>block</name>
		<pose>Unspecified</pose>
		<truncated>0</truncated>
		<difficult>0</difficult>
		<bndbox>
			<xmin>233</xmin>
			<ymin>373</ymin>
			<xmax>363</xmax>
			<ymax>511</ymax>
		</bndbox>
	</object>
	<object>
		<name>block</name>
		<pose>Unspecified</pose>
		<truncated>0</truncated>
		<difficult>0</difficult>
		<bndbox>
			<xmin>87</xmin>
			<ymin>443</ymin>
			<xmax>262</xmax>
			<ymax>603</ymax>
		</bndbox>
	</object>
	<object>
		<name>block</name>
		<pose>Unspecified</pose>
		<truncated>1</truncated>
		<difficult>0</difficult>
		<bndbox>
			<xmin>1</xmin>
			<ymin>509</ymin>
			<xmax>145</xmax>
			<ymax>672</ymax>
		</bndbox>
	</object>
	<object>
		<name>player</name>
		<pose>Unspecified</pose>
		<truncated>0</truncated>
		<difficult>0</difficult>
		<bndbox>
			<xmin>161</xmin>
			<ymin>402</ymin>
			<xmax>201</xmax>
			<ymax>497</ymax>
		</bndbox>
	</object>
</annotation>
