<annotation>
	<folder>dataset</folder>
	<filename>img183.jpg</filename>
	<path>F:\1\yolov5_jumpgame\Game_Jump\dataset\img183.jpg</path>
	<source>
		<database>Unknown</database>
	</source>
	<size>
		<width>447</width>
		<height>842</height>
		<depth>3</depth>
	</size>
	<segmented>0</segmented>
	<object>
		<name>block</name>
		<pose>Unspecified</pose>
		<truncated>0</truncated>
		<difficult>0</difficult>
		<bndbox>
			<xmin>227</xmin>
			<ymin>350</ymin>
			<xmax>419</xmax>
			<ymax>528</ymax>
		</bndbox>
	</object>
	<object>
		<name>block</name>
		<pose>Unspecified</pose>
		<truncated>0</truncated>
		<difficult>0</difficult>
		<bndbox>
			<xmin>33</xmin>
			<ymin>439</ymin>
			<xmax>265</xmax>
			<ymax>614</ymax>
		</bndbox>
	</object>
	<object>
		<name>block</name>
		<pose>Unspecified</pose>
		<truncated>0</truncated>
		<difficult>0</difficult>
		<bndbox>
			<xmin>39</xmin>
			<ymin>632</ymin>
			<xmax>218</xmax>
			<ymax>779</ymax>
		</bndbox>
	</object>
	<object>
		<name>player</name>
		<pose>Unspecified</pose>
		<truncated>0</truncated>
		<difficult>0</difficult>
		<bndbox>
			<xmin>116</xmin>
			<ymin>434</ymin>
			<xmax>158</xmax>
			<ymax>522</ymax>
		</bndbox>
	</object>
</annotation>
