<annotation>
	<folder>dataset</folder>
	<filename>img142.jpg</filename>
	<path>F:\1\yolov5_jumpgame\Game_Jump\dataset\img142.jpg</path>
	<source>
		<database>Unknown</database>
	</source>
	<size>
		<width>447</width>
		<height>842</height>
		<depth>3</depth>
	</size>
	<segmented>0</segmented>
	<object>
		<name>block</name>
		<pose>Unspecified</pose>
		<truncated>0</truncated>
		<difficult>0</difficult>
		<bndbox>
			<xmin>45</xmin>
			<ymin>450</ymin>
			<xmax>238</xmax>
			<ymax>625</ymax>
		</bndbox>
	</object>
	<object>
		<name>block</name>
		<pose>Unspecified</pose>
		<truncated>0</truncated>
		<difficult>0</difficult>
		<bndbox>
			<xmin>236</xmin>
			<ymin>337</ymin>
			<xmax>431</xmax>
			<ymax>519</ymax>
		</bndbox>
	</object>
	<object>
		<name>player</name>
		<pose>Unspecified</pose>
		<truncated>0</truncated>
		<difficult>0</difficult>
		<bndbox>
			<xmin>163</xmin>
			<ymin>328</ymin>
			<xmax>247</xmax>
			<ymax>376</ymax>
		</bndbox>
	</object>
</annotation>
