<annotation>
	<folder>dataset</folder>
	<filename>img113.jpg</filename>
	<path>F:\1\yolov5_jumpgame\Game_Jump\dataset\img113.jpg</path>
	<source>
		<database>Unknown</database>
	</source>
	<size>
		<width>447</width>
		<height>842</height>
		<depth>3</depth>
	</size>
	<segmented>0</segmented>
	<object>
		<name>block</name>
		<pose>Unspecified</pose>
		<truncated>0</truncated>
		<difficult>0</difficult>
		<bndbox>
			<xmin>237</xmin>
			<ymin>209</ymin>
			<xmax>419</xmax>
			<ymax>370</ymax>
		</bndbox>
	</object>
	<object>
		<name>block</name>
		<pose>Unspecified</pose>
		<truncated>0</truncated>
		<difficult>0</difficult>
		<bndbox>
			<xmin>47</xmin>
			<ymin>383</ymin>
			<xmax>226</xmax>
			<ymax>543</ymax>
		</bndbox>
	</object>
	<object>
		<name>block</name>
		<pose>Unspecified</pose>
		<truncated>0</truncated>
		<difficult>0</difficult>
		<bndbox>
			<xmin>277</xmin>
			<ymin>517</ymin>
			<xmax>406</xmax>
			<ymax>643</ymax>
		</bndbox>
	</object>
	<object>
		<name>player</name>
		<pose>Unspecified</pose>
		<truncated>0</truncated>
		<difficult>0</difficult>
		<bndbox>
			<xmin>149</xmin>
			<ymin>375</ymin>
			<xmax>187</xmax>
			<ymax>461</ymax>
		</bndbox>
	</object>
</annotation>
