<annotation>
	<folder>dataset</folder>
	<filename>img164.jpg</filename>
	<path>F:\1\yolov5_jumpgame\Game_Jump\dataset\img164.jpg</path>
	<source>
		<database>Unknown</database>
	</source>
	<size>
		<width>447</width>
		<height>842</height>
		<depth>3</depth>
	</size>
	<segmented>0</segmented>
	<object>
		<name>block</name>
		<pose>Unspecified</pose>
		<truncated>0</truncated>
		<difficult>0</difficult>
		<bndbox>
			<xmin>41</xmin>
			<ymin>343</ymin>
			<xmax>217</xmax>
			<ymax>499</ymax>
		</bndbox>
	</object>
	<object>
		<name>block</name>
		<pose>Unspecified</pose>
		<truncated>1</truncated>
		<difficult>0</difficult>
		<bndbox>
			<xmin>246</xmin>
			<ymin>457</ymin>
			<xmax>447</xmax>
			<ymax>641</ymax>
		</bndbox>
	</object>
	<object>
		<name>block</name>
		<pose>Unspecified</pose>
		<truncated>0</truncated>
		<difficult>0</difficult>
		<bndbox>
			<xmin>55</xmin>
			<ymin>561</ymin>
			<xmax>257</xmax>
			<ymax>742</ymax>
		</bndbox>
	</object>
	<object>
		<name>player</name>
		<pose>Unspecified</pose>
		<truncated>0</truncated>
		<difficult>0</difficult>
		<bndbox>
			<xmin>307</xmin>
			<ymin>471</ymin>
			<xmax>351</xmax>
			<ymax>551</ymax>
		</bndbox>
	</object>
</annotation>
