<annotation>
	<folder>dataset</folder>
	<filename>img13.jpg</filename>
	<path>F:\1\yolov5_jumpgame\Game_Jump\dataset\img13.jpg</path>
	<source>
		<database>Unknown</database>
	</source>
	<size>
		<width>447</width>
		<height>842</height>
		<depth>3</depth>
	</size>
	<segmented>0</segmented>
	<object>
		<name>block</name>
		<pose>Unspecified</pose>
		<truncated>0</truncated>
		<difficult>0</difficult>
		<bndbox>
			<xmin>93</xmin>
			<ymin>368</ymin>
			<xmax>261</xmax>
			<ymax>523</ymax>
		</bndbox>
	</object>
	<object>
		<name>block</name>
		<pose>Unspecified</pose>
		<truncated>0</truncated>
		<difficult>0</difficult>
		<bndbox>
			<xmin>214</xmin>
			<ymin>441</ymin>
			<xmax>376</xmax>
			<ymax>594</ymax>
		</bndbox>
	</object>
	<object>
		<name>block</name>
		<pose>Unspecified</pose>
		<truncated>0</truncated>
		<difficult>0</difficult>
		<bndbox>
			<xmin>97</xmin>
			<ymin>507</ymin>
			<xmax>262</xmax>
			<ymax>659</ymax>
		</bndbox>
	</object>
	<object>
		<name>player</name>
		<pose>Unspecified</pose>
		<truncated>0</truncated>
		<difficult>0</difficult>
		<bndbox>
			<xmin>265</xmin>
			<ymin>418</ymin>
			<xmax>307</xmax>
			<ymax>508</ymax>
		</bndbox>
	</object>
</annotation>
