<annotation>
	<folder>dataset</folder>
	<filename>img100.jpg</filename>
	<path>F:\1\yolov5_jumpgame\Game_Jump\dataset\img100.jpg</path>
	<source>
		<database>Unknown</database>
	</source>
	<size>
		<width>447</width>
		<height>842</height>
		<depth>3</depth>
	</size>
	<segmented>0</segmented>
	<object>
		<name>block</name>
		<pose>Unspecified</pose>
		<truncated>0</truncated>
		<difficult>0</difficult>
		<bndbox>
			<xmin>49</xmin>
			<ymin>342</ymin>
			<xmax>224</xmax>
			<ymax>503</ymax>
		</bndbox>
	</object>
	<object>
		<name>block</name>
		<pose>Unspecified</pose>
		<truncated>0</truncated>
		<difficult>0</difficult>
		<bndbox>
			<xmin>255</xmin>
			<ymin>465</ymin>
			<xmax>412</xmax>
			<ymax>616</ymax>
		</bndbox>
	</object>
	<object>
		<name>block</name>
		<pose>Unspecified</pose>
		<truncated>1</truncated>
		<difficult>0</difficult>
		<bndbox>
			<xmin>1</xmin>
			<ymin>591</ymin>
			<xmax>188</xmax>
			<ymax>771</ymax>
		</bndbox>
	</object>
	<object>
		<name>player</name>
		<pose>Unspecified</pose>
		<truncated>0</truncated>
		<difficult>0</difficult>
		<bndbox>
			<xmin>304</xmin>
			<ymin>436</ymin>
			<xmax>340</xmax>
			<ymax>527</ymax>
		</bndbox>
	</object>
</annotation>
