<annotation>
	<folder>dataset</folder>
	<filename>img139.jpg</filename>
	<path>F:\1\yolov5_jumpgame\Game_Jump\dataset\img139.jpg</path>
	<source>
		<database>Unknown</database>
	</source>
	<size>
		<width>447</width>
		<height>842</height>
		<depth>3</depth>
	</size>
	<segmented>0</segmented>
	<object>
		<name>block</name>
		<pose>Unspecified</pose>
		<truncated>0</truncated>
		<difficult>0</difficult>
		<bndbox>
			<xmin>233</xmin>
			<ymin>382</ymin>
			<xmax>355</xmax>
			<ymax>509</ymax>
		</bndbox>
	</object>
	<object>
		<name>block</name>
		<pose>Unspecified</pose>
		<truncated>0</truncated>
		<difficult>0</difficult>
		<bndbox>
			<xmin>115</xmin>
			<ymin>449</ymin>
			<xmax>248</xmax>
			<ymax>585</ymax>
		</bndbox>
	</object>
	<object>
		<name>block</name>
		<pose>Unspecified</pose>
		<truncated>0</truncated>
		<difficult>0</difficult>
		<bndbox>
			<xmin>42</xmin>
			<ymin>592</ymin>
			<xmax>233</xmax>
			<ymax>754</ymax>
		</bndbox>
	</object>
	<object>
		<name>player</name>
		<pose>Unspecified</pose>
		<truncated>0</truncated>
		<difficult>0</difficult>
		<bndbox>
			<xmin>286</xmin>
			<ymin>326</ymin>
			<xmax>325</xmax>
			<ymax>412</ymax>
		</bndbox>
	</object>
</annotation>
