<annotation>
	<folder>dataset</folder>
	<filename>img197.jpg</filename>
	<path>F:\1\yolov5_jumpgame\Game_Jump\dataset\img197.jpg</path>
	<source>
		<database>Unknown</database>
	</source>
	<size>
		<width>447</width>
		<height>842</height>
		<depth>3</depth>
	</size>
	<segmented>0</segmented>
	<object>
		<name>block</name>
		<pose>Unspecified</pose>
		<truncated>0</truncated>
		<difficult>0</difficult>
		<bndbox>
			<xmin>264</xmin>
			<ymin>331</ymin>
			<xmax>440</xmax>
			<ymax>498</ymax>
		</bndbox>
	</object>
	<object>
		<name>block</name>
		<pose>Unspecified</pose>
		<truncated>0</truncated>
		<difficult>0</difficult>
		<bndbox>
			<xmin>22</xmin>
			<ymin>468</ymin>
			<xmax>222</xmax>
			<ymax>638</ymax>
		</bndbox>
	</object>
	<object>
		<name>player</name>
		<pose>Unspecified</pose>
		<truncated>0</truncated>
		<difficult>0</difficult>
		<bndbox>
			<xmin>76</xmin>
			<ymin>468</ymin>
			<xmax>114</xmax>
			<ymax>553</ymax>
		</bndbox>
	</object>
</annotation>
