<annotation>
	<folder>dataset</folder>
	<filename>img186.jpg</filename>
	<path>F:\1\yolov5_jumpgame\Game_Jump\dataset\img186.jpg</path>
	<source>
		<database>Unknown</database>
	</source>
	<size>
		<width>447</width>
		<height>842</height>
		<depth>3</depth>
	</size>
	<segmented>0</segmented>
	<object>
		<name>block</name>
		<pose>Unspecified</pose>
		<truncated>0</truncated>
		<difficult>0</difficult>
		<bndbox>
			<xmin>54</xmin>
			<ymin>349</ymin>
			<xmax>174</xmax>
			<ymax>475</ymax>
		</bndbox>
	</object>
	<object>
		<name>block</name>
		<pose>Unspecified</pose>
		<truncated>1</truncated>
		<difficult>0</difficult>
		<bndbox>
			<xmin>259</xmin>
			<ymin>467</ymin>
			<xmax>447</xmax>
			<ymax>637</ymax>
		</bndbox>
	</object>
	<object>
		<name>block</name>
		<pose>Unspecified</pose>
		<truncated>0</truncated>
		<difficult>0</difficult>
		<bndbox>
			<xmin>68</xmin>
			<ymin>573</ymin>
			<xmax>267</xmax>
			<ymax>746</ymax>
		</bndbox>
	</object>
	<object>
		<name>player</name>
		<pose>Unspecified</pose>
		<truncated>0</truncated>
		<difficult>0</difficult>
		<bndbox>
			<xmin>325</xmin>
			<ymin>457</ymin>
			<xmax>366</xmax>
			<ymax>545</ymax>
		</bndbox>
	</object>
</annotation>
