<annotation>
	<folder>dataset</folder>
	<filename>img149.jpg</filename>
	<path>F:\1\yolov5_jumpgame\Game_Jump\dataset\img149.jpg</path>
	<source>
		<database>Unknown</database>
	</source>
	<size>
		<width>447</width>
		<height>842</height>
		<depth>3</depth>
	</size>
	<segmented>0</segmented>
	<object>
		<name>block</name>
		<pose>Unspecified</pose>
		<truncated>0</truncated>
		<difficult>0</difficult>
		<bndbox>
			<xmin>246</xmin>
			<ymin>354</ymin>
			<xmax>416</xmax>
			<ymax>506</ymax>
		</bndbox>
	</object>
	<object>
		<name>block</name>
		<pose>Unspecified</pose>
		<truncated>0</truncated>
		<difficult>0</difficult>
		<bndbox>
			<xmin>80</xmin>
			<ymin>468</ymin>
			<xmax>214</xmax>
			<ymax>593</ymax>
		</bndbox>
	</object>
	<object>
		<name>block</name>
		<pose>Unspecified</pose>
		<truncated>1</truncated>
		<difficult>0</difficult>
		<bndbox>
			<xmin>1</xmin>
			<ymin>524</ymin>
			<xmax>116</xmax>
			<ymax>677</ymax>
		</bndbox>
	</object>
	<object>
		<name>player</name>
		<pose>Unspecified</pose>
		<truncated>0</truncated>
		<difficult>0</difficult>
		<bndbox>
			<xmin>199</xmin>
			<ymin>288</ymin>
			<xmax>250</xmax>
			<ymax>372</ymax>
		</bndbox>
	</object>
</annotation>
