<annotation>
	<folder>dataset</folder>
	<filename>img121.jpg</filename>
	<path>F:\1\yolov5_jumpgame\Game_Jump\dataset\img121.jpg</path>
	<source>
		<database>Unknown</database>
	</source>
	<size>
		<width>447</width>
		<height>842</height>
		<depth>3</depth>
	</size>
	<segmented>0</segmented>
	<object>
		<name>block</name>
		<pose>Unspecified</pose>
		<truncated>0</truncated>
		<difficult>0</difficult>
		<bndbox>
			<xmin>201</xmin>
			<ymin>364</ymin>
			<xmax>394</xmax>
			<ymax>531</ymax>
		</bndbox>
	</object>
	<object>
		<name>block</name>
		<pose>Unspecified</pose>
		<truncated>0</truncated>
		<difficult>0</difficult>
		<bndbox>
			<xmin>101</xmin>
			<ymin>438</ymin>
			<xmax>270</xmax>
			<ymax>588</ymax>
		</bndbox>
	</object>
	<object>
		<name>block</name>
		<pose>Unspecified</pose>
		<truncated>1</truncated>
		<difficult>0</difficult>
		<bndbox>
			<xmin>1</xmin>
			<ymin>533</ymin>
			<xmax>97</xmax>
			<ymax>684</ymax>
		</bndbox>
	</object>
	<object>
		<name>player</name>
		<pose>Unspecified</pose>
		<truncated>0</truncated>
		<difficult>0</difficult>
		<bndbox>
			<xmin>200</xmin>
			<ymin>313</ymin>
			<xmax>284</xmax>
			<ymax>354</ymax>
		</bndbox>
	</object>
</annotation>
