<annotation>
	<folder>dataset</folder>
	<filename>img162.jpg</filename>
	<path>F:\1\yolov5_jumpgame\Game_Jump\dataset\img162.jpg</path>
	<source>
		<database>Unknown</database>
	</source>
	<size>
		<width>447</width>
		<height>842</height>
		<depth>3</depth>
	</size>
	<segmented>0</segmented>
	<object>
		<name>block</name>
		<pose>Unspecified</pose>
		<truncated>0</truncated>
		<difficult>0</difficult>
		<bndbox>
			<xmin>90</xmin>
			<ymin>437</ymin>
			<xmax>262</xmax>
			<ymax>597</ymax>
		</bndbox>
	</object>
	<object>
		<name>block</name>
		<pose>Unspecified</pose>
		<truncated>0</truncated>
		<difficult>0</difficult>
		<bndbox>
			<xmin>233</xmin>
			<ymin>381</ymin>
			<xmax>355</xmax>
			<ymax>499</ymax>
		</bndbox>
	</object>
	<object>
		<name>block</name>
		<pose>Unspecified</pose>
		<truncated>0</truncated>
		<difficult>0</difficult>
		<bndbox>
			<xmin>76</xmin>
			<ymin>650</ymin>
			<xmax>272</xmax>
			<ymax>826</ymax>
		</bndbox>
	</object>
	<object>
		<name>player</name>
		<pose>Unspecified</pose>
		<truncated>0</truncated>
		<difficult>0</difficult>
		<bndbox>
			<xmin>150</xmin>
			<ymin>409</ymin>
			<xmax>186</xmax>
			<ymax>504</ymax>
		</bndbox>
	</object>
</annotation>
