<annotation>
	<folder>dataset</folder>
	<filename>img133.jpg</filename>
	<path>F:\1\yolov5\Game_Jump\dataset\img133.jpg</path>
	<source>
		<database>Unknown</database>
	</source>
	<size>
		<width>447</width>
		<height>842</height>
		<depth>3</depth>
	</size>
	<segmented>0</segmented>
	<object>
		<name>block</name>
		<pose>Unspecified</pose>
		<truncated>0</truncated>
		<difficult>0</difficult>
		<bndbox>
			<xmin>86</xmin>
			<ymin>371</ymin>
			<xmax>246</xmax>
			<ymax>519</ymax>
		</bndbox>
	</object>
	<object>
		<name>block</name>
		<pose>Unspecified</pose>
		<truncated>0</truncated>
		<difficult>0</difficult>
		<bndbox>
			<xmin>203</xmin>
			<ymin>430</ymin>
			<xmax>397</xmax>
			<ymax>608</ymax>
		</bndbox>
	</object>
	<object>
		<name>block</name>
		<pose>Unspecified</pose>
		<truncated>0</truncated>
		<difficult>0</difficult>
		<bndbox>
			<xmin>15</xmin>
			<ymin>541</ymin>
			<xmax>213</xmax>
			<ymax>714</ymax>
		</bndbox>
	</object>
</annotation>
