<annotation>
	<folder>dataset</folder>
	<filename>img118.jpg</filename>
	<path>F:\1\yolov5_jumpgame\Game_Jump\dataset\img118.jpg</path>
	<source>
		<database>Unknown</database>
	</source>
	<size>
		<width>447</width>
		<height>842</height>
		<depth>3</depth>
	</size>
	<segmented>0</segmented>
	<object>
		<name>block</name>
		<pose>Unspecified</pose>
		<truncated>0</truncated>
		<difficult>0</difficult>
		<bndbox>
			<xmin>255</xmin>
			<ymin>342</ymin>
			<xmax>421</xmax>
			<ymax>504</ymax>
		</bndbox>
	</object>
	<object>
		<name>block</name>
		<pose>Unspecified</pose>
		<truncated>0</truncated>
		<difficult>0</difficult>
		<bndbox>
			<xmin>34</xmin>
			<ymin>454</ymin>
			<xmax>239</xmax>
			<ymax>631</ymax>
		</bndbox>
	</object>
	<object>
		<name>player</name>
		<pose>Unspecified</pose>
		<truncated>0</truncated>
		<difficult>0</difficult>
		<bndbox>
			<xmin>180</xmin>
			<ymin>324</ymin>
			<xmax>267</xmax>
			<ymax>365</ymax>
		</bndbox>
	</object>
</annotation>
