<annotation>
	<folder>dataset</folder>
	<filename>img180.jpg</filename>
	<path>F:\1\yolov5\Game_Jump\dataset\img180.jpg</path>
	<source>
		<database>Unknown</database>
	</source>
	<size>
		<width>447</width>
		<height>842</height>
		<depth>3</depth>
	</size>
	<segmented>0</segmented>
	<object>
		<name>block</name>
		<pose>Unspecified</pose>
		<truncated>0</truncated>
		<difficult>0</difficult>
		<bndbox>
			<xmin>69</xmin>
			<ymin>354</ymin>
			<xmax>217</xmax>
			<ymax>503</ymax>
		</bndbox>
	</object>
	<object>
		<name>block</name>
		<pose>Unspecified</pose>
		<truncated>0</truncated>
		<difficult>0</difficult>
		<bndbox>
			<xmin>258</xmin>
			<ymin>456</ymin>
			<xmax>406</xmax>
			<ymax>615</ymax>
		</bndbox>
	</object>
	<object>
		<name>block</name>
		<pose>Unspecified</pose>
		<truncated>0</truncated>
		<difficult>0</difficult>
		<bndbox>
			<xmin>169</xmin>
			<ymin>510</ymin>
			<xmax>327</xmax>
			<ymax>655</ymax>
		</bndbox>
	</object>
</annotation>
