<annotation>
	<folder>dataset</folder>
	<filename>img177.jpg</filename>
	<path>F:\1\yolov5_jumpgame\Game_Jump\dataset\img177.jpg</path>
	<source>
		<database>Unknown</database>
	</source>
	<size>
		<width>447</width>
		<height>842</height>
		<depth>3</depth>
	</size>
	<segmented>0</segmented>
	<object>
		<name>block</name>
		<pose>Unspecified</pose>
		<truncated>0</truncated>
		<difficult>0</difficult>
		<bndbox>
			<xmin>102</xmin>
			<ymin>372</ymin>
			<xmax>204</xmax>
			<ymax>496</ymax>
		</bndbox>
	</object>
	<object>
		<name>block</name>
		<pose>Unspecified</pose>
		<truncated>0</truncated>
		<difficult>0</difficult>
		<bndbox>
			<xmin>248</xmin>
			<ymin>461</ymin>
			<xmax>385</xmax>
			<ymax>605</ymax>
		</bndbox>
	</object>
	<object>
		<name>block</name>
		<pose>Unspecified</pose>
		<truncated>1</truncated>
		<difficult>0</difficult>
		<bndbox>
			<xmin>379</xmin>
			<ymin>530</ymin>
			<xmax>447</xmax>
			<ymax>640</ymax>
		</bndbox>
	</object>
	<object>
		<name>player</name>
		<pose>Unspecified</pose>
		<truncated>0</truncated>
		<difficult>0</difficult>
		<bndbox>
			<xmin>317</xmin>
			<ymin>430</ymin>
			<xmax>351</xmax>
			<ymax>522</ymax>
		</bndbox>
	</object>
</annotation>
