<annotation>
	<folder>dataset</folder>
	<filename>img130.jpg</filename>
	<path>F:\1\yolov5_jumpgame\Game_Jump\dataset\img130.jpg</path>
	<source>
		<database>Unknown</database>
	</source>
	<size>
		<width>447</width>
		<height>842</height>
		<depth>3</depth>
	</size>
	<segmented>0</segmented>
	<object>
		<name>block</name>
		<pose>Unspecified</pose>
		<truncated>0</truncated>
		<difficult>0</difficult>
		<bndbox>
			<xmin>68</xmin>
			<ymin>444</ymin>
			<xmax>250</xmax>
			<ymax>607</ymax>
		</bndbox>
	</object>
	<object>
		<name>block</name>
		<pose>Unspecified</pose>
		<truncated>0</truncated>
		<difficult>0</difficult>
		<bndbox>
			<xmin>248</xmin>
			<ymin>359</ymin>
			<xmax>372</xmax>
			<ymax>490</ymax>
		</bndbox>
	</object>
	<object>
		<name>block</name>
		<pose>Unspecified</pose>
		<truncated>0</truncated>
		<difficult>0</difficult>
		<bndbox>
			<xmin>205</xmin>
			<ymin>517</ymin>
			<xmax>389</xmax>
			<ymax>681</ymax>
		</bndbox>
	</object>
	<object>
		<name>player</name>
		<pose>Unspecified</pose>
		<truncated>0</truncated>
		<difficult>0</difficult>
		<bndbox>
			<xmin>139</xmin>
			<ymin>413</ymin>
			<xmax>179</xmax>
			<ymax>507</ymax>
		</bndbox>
	</object>
</annotation>
