<annotation>
	<folder>dataset</folder>
	<filename>img166.jpg</filename>
	<path>F:\1\yolov5_jumpgame\Game_Jump\dataset\img166.jpg</path>
	<source>
		<database>Unknown</database>
	</source>
	<size>
		<width>447</width>
		<height>842</height>
		<depth>3</depth>
	</size>
	<segmented>0</segmented>
	<object>
		<name>block</name>
		<pose>Unspecified</pose>
		<truncated>0</truncated>
		<difficult>0</difficult>
		<bndbox>
			<xmin>248</xmin>
			<ymin>340</ymin>
			<xmax>437</xmax>
			<ymax>509</ymax>
		</bndbox>
	</object>
	<object>
		<name>block</name>
		<pose>Unspecified</pose>
		<truncated>0</truncated>
		<difficult>0</difficult>
		<bndbox>
			<xmin>49</xmin>
			<ymin>465</ymin>
			<xmax>218</xmax>
			<ymax>624</ymax>
		</bndbox>
	</object>
	<object>
		<name>block</name>
		<pose>Unspecified</pose>
		<truncated>0</truncated>
		<difficult>0</difficult>
		<bndbox>
			<xmin>58</xmin>
			<ymin>662</ymin>
			<xmax>189</xmax>
			<ymax>801</ymax>
		</bndbox>
	</object>
	<object>
		<name>player</name>
		<pose>Unspecified</pose>
		<truncated>0</truncated>
		<difficult>0</difficult>
		<bndbox>
			<xmin>99</xmin>
			<ymin>438</ymin>
			<xmax>139</xmax>
			<ymax>527</ymax>
		</bndbox>
	</object>
</annotation>
