<annotation>
	<folder>dataset</folder>
	<filename>img112.jpg</filename>
	<path>F:\1\yolov5_jumpgame\Game_Jump\dataset\img112.jpg</path>
	<source>
		<database>Unknown</database>
	</source>
	<size>
		<width>447</width>
		<height>842</height>
		<depth>3</depth>
	</size>
	<segmented>0</segmented>
	<object>
		<name>block</name>
		<pose>Unspecified</pose>
		<truncated>0</truncated>
		<difficult>0</difficult>
		<bndbox>
			<xmin>90</xmin>
			<ymin>368</ymin>
			<xmax>221</xmax>
			<ymax>492</ymax>
		</bndbox>
	</object>
	<object>
		<name>block</name>
		<pose>Unspecified</pose>
		<truncated>0</truncated>
		<difficult>0</difficult>
		<bndbox>
			<xmin>188</xmin>
			<ymin>419</ymin>
			<xmax>348</xmax>
			<ymax>577</ymax>
		</bndbox>
	</object>
	<object>
		<name>block</name>
		<pose>Unspecified</pose>
		<truncated>0</truncated>
		<difficult>0</difficult>
		<bndbox>
			<xmin>184</xmin>
			<ymin>680</ymin>
			<xmax>350</xmax>
			<ymax>837</ymax>
		</bndbox>
	</object>
	<object>
		<name>player</name>
		<pose>Unspecified</pose>
		<truncated>0</truncated>
		<difficult>0</difficult>
		<bndbox>
			<xmin>277</xmin>
			<ymin>414</ymin>
			<xmax>313</xmax>
			<ymax>503</ymax>
		</bndbox>
	</object>
</annotation>
