<annotation>
	<folder>dataset</folder>
	<filename>img110.jpg</filename>
	<path>F:\1\yolov5_jumpgame\Game_Jump\dataset\img110.jpg</path>
	<source>
		<database>Unknown</database>
	</source>
	<size>
		<width>447</width>
		<height>842</height>
		<depth>3</depth>
	</size>
	<segmented>0</segmented>
	<object>
		<name>block</name>
		<pose>Unspecified</pose>
		<truncated>0</truncated>
		<difficult>0</difficult>
		<bndbox>
			<xmin>79</xmin>
			<ymin>364</ymin>
			<xmax>197</xmax>
			<ymax>489</ymax>
		</bndbox>
	</object>
	<object>
		<name>block</name>
		<pose>Unspecified</pose>
		<truncated>0</truncated>
		<difficult>0</difficult>
		<bndbox>
			<xmin>257</xmin>
			<ymin>469</ymin>
			<xmax>422</xmax>
			<ymax>617</ymax>
		</bndbox>
	</object>
	<object>
		<name>block</name>
		<pose>Unspecified</pose>
		<truncated>0</truncated>
		<difficult>0</difficult>
		<bndbox>
			<xmin>148</xmin>
			<ymin>537</ymin>
			<xmax>284</xmax>
			<ymax>662</ymax>
		</bndbox>
	</object>
	<object>
		<name>player</name>
		<pose>Unspecified</pose>
		<truncated>0</truncated>
		<difficult>0</difficult>
		<bndbox>
			<xmin>314</xmin>
			<ymin>446</ymin>
			<xmax>352</xmax>
			<ymax>531</ymax>
		</bndbox>
	</object>
</annotation>
