<annotation>
	<folder>dataset</folder>
	<filename>img128.jpg</filename>
	<path>F:\1\yolov5_jumpgame\Game_Jump\dataset\img128.jpg</path>
	<source>
		<database>Unknown</database>
	</source>
	<size>
		<width>447</width>
		<height>842</height>
		<depth>3</depth>
	</size>
	<segmented>0</segmented>
	<object>
		<name>block</name>
		<pose>Unspecified</pose>
		<truncated>0</truncated>
		<difficult>0</difficult>
		<bndbox>
			<xmin>79</xmin>
			<ymin>365</ymin>
			<xmax>255</xmax>
			<ymax>534</ymax>
		</bndbox>
	</object>
	<object>
		<name>block</name>
		<pose>Unspecified</pose>
		<truncated>0</truncated>
		<difficult>0</difficult>
		<bndbox>
			<xmin>216</xmin>
			<ymin>440</ymin>
			<xmax>392</xmax>
			<ymax>605</ymax>
		</bndbox>
	</object>
	<object>
		<name>player</name>
		<pose>Unspecified</pose>
		<truncated>0</truncated>
		<difficult>0</difficult>
		<bndbox>
			<xmin>308</xmin>
			<ymin>436</ymin>
			<xmax>355</xmax>
			<ymax>524</ymax>
		</bndbox>
	</object>
</annotation>
