<annotation>
	<folder>dataset</folder>
	<filename>img161.jpg</filename>
	<path>F:\1\yolov5_jumpgame\Game_Jump\dataset\img161.jpg</path>
	<source>
		<database>Unknown</database>
	</source>
	<size>
		<width>447</width>
		<height>842</height>
		<depth>3</depth>
	</size>
	<segmented>0</segmented>
	<object>
		<name>block</name>
		<pose>Unspecified</pose>
		<truncated>0</truncated>
		<difficult>0</difficult>
		<bndbox>
			<xmin>27</xmin>
			<ymin>321</ymin>
			<xmax>252</xmax>
			<ymax>510</ymax>
		</bndbox>
	</object>
	<object>
		<name>block</name>
		<pose>Unspecified</pose>
		<truncated>0</truncated>
		<difficult>0</difficult>
		<bndbox>
			<xmin>237</xmin>
			<ymin>441</ymin>
			<xmax>431</xmax>
			<ymax>617</ymax>
		</bndbox>
	</object>
	<object>
		<name>block</name>
		<pose>Unspecified</pose>
		<truncated>0</truncated>
		<difficult>0</difficult>
		<bndbox>
			<xmin>17</xmin>
			<ymin>579</ymin>
			<xmax>211</xmax>
			<ymax>752</ymax>
		</bndbox>
	</object>
	<object>
		<name>player</name>
		<pose>Unspecified</pose>
		<truncated>0</truncated>
		<difficult>0</difficult>
		<bndbox>
			<xmin>300</xmin>
			<ymin>432</ymin>
			<xmax>336</xmax>
			<ymax>521</ymax>
		</bndbox>
	</object>
</annotation>
