<annotation>
	<folder>dataset</folder>
	<filename>img102.jpg</filename>
	<path>F:\1\yolov5_jumpgame\Game_Jump\dataset\img102.jpg</path>
	<source>
		<database>Unknown</database>
	</source>
	<size>
		<width>447</width>
		<height>842</height>
		<depth>3</depth>
	</size>
	<segmented>0</segmented>
	<object>
		<name>block</name>
		<pose>Unspecified</pose>
		<truncated>0</truncated>
		<difficult>0</difficult>
		<bndbox>
			<xmin>151</xmin>
			<ymin>398</ymin>
			<xmax>338</xmax>
			<ymax>581</ymax>
		</bndbox>
	</object>
	<object>
		<name>block</name>
		<pose>Unspecified</pose>
		<truncated>0</truncated>
		<difficult>0</difficult>
		<bndbox>
			<xmin>134</xmin>
			<ymin>603</ymin>
			<xmax>325</xmax>
			<ymax>780</ymax>
		</bndbox>
	</object>
	<object>
		<name>block</name>
		<pose>Unspecified</pose>
		<truncated>1</truncated>
		<difficult>0</difficult>
		<bndbox>
			<xmin>333</xmin>
			<ymin>497</ymin>
			<xmax>447</xmax>
			<ymax>659</ymax>
		</bndbox>
	</object>
	<object>
		<name>player</name>
		<pose>Unspecified</pose>
		<truncated>0</truncated>
		<difficult>0</difficult>
		<bndbox>
			<xmin>237</xmin>
			<ymin>384</ymin>
			<xmax>271</xmax>
			<ymax>474</ymax>
		</bndbox>
	</object>
</annotation>
