<annotation>
	<folder>img</folder>
	<filename>img221.jpg</filename>
	<path>C:\Users\jsxyw\Desktop\新建文件夹\img\img221.jpg</path>
	<source>
		<database>Unknown</database>
	</source>
	<size>
		<width>447</width>
		<height>842</height>
		<depth>3</depth>
	</size>
	<segmented>0</segmented>
	<object>
		<name>block</name>
		<pose>Unspecified</pose>
		<truncated>1</truncated>
		<difficult>0</difficult>
		<bndbox>
			<xmin>329</xmin>
			<ymin>592</ymin>
			<xmax>447</xmax>
			<ymax>744</ymax>
		</bndbox>
	</object>
	<object>
		<name>block</name>
		<pose>Unspecified</pose>
		<truncated>0</truncated>
		<difficult>0</difficult>
		<bndbox>
			<xmin>77</xmin>
			<ymin>452</ymin>
			<xmax>261</xmax>
			<ymax>616</ymax>
		</bndbox>
	</object>
	<object>
		<name>block</name>
		<pose>Unspecified</pose>
		<truncated>0</truncated>
		<difficult>0</difficult>
		<bndbox>
			<xmin>216</xmin>
			<ymin>373</ymin>
			<xmax>387</xmax>
			<ymax>536</ymax>
		</bndbox>
	</object>
</annotation>
