<annotation>
	<folder>dataset</folder>
	<filename>img21.jpg</filename>
	<path>F:\1\yolov5_jumpgame\Game_Jump\dataset\img21.jpg</path>
	<source>
		<database>Unknown</database>
	</source>
	<size>
		<width>447</width>
		<height>842</height>
		<depth>3</depth>
	</size>
	<segmented>0</segmented>
	<object>
		<name>block</name>
		<pose>Unspecified</pose>
		<truncated>0</truncated>
		<difficult>0</difficult>
		<bndbox>
			<xmin>62</xmin>
			<ymin>348</ymin>
			<xmax>181</xmax>
			<ymax>469</ymax>
		</bndbox>
	</object>
	<object>
		<name>block</name>
		<pose>Unspecified</pose>
		<truncated>0</truncated>
		<difficult>0</difficult>
		<bndbox>
			<xmin>271</xmin>
			<ymin>477</ymin>
			<xmax>428</xmax>
			<ymax>625</ymax>
		</bndbox>
	</object>
	<object>
		<name>player</name>
		<pose>Unspecified</pose>
		<truncated>0</truncated>
		<difficult>0</difficult>
		<bndbox>
			<xmin>325</xmin>
			<ymin>432</ymin>
			<xmax>363</xmax>
			<ymax>525</ymax>
		</bndbox>
	</object>
</annotation>
