<annotation>
	<folder>dataset</folder>
	<filename>img25.jpg</filename>
	<path>F:\1\yolov5\Game_Jump\dataset\img25.jpg</path>
	<source>
		<database>Unknown</database>
	</source>
	<size>
		<width>447</width>
		<height>842</height>
		<depth>3</depth>
	</size>
	<segmented>0</segmented>
	<object>
		<name>block</name>
		<pose>Unspecified</pose>
		<truncated>0</truncated>
		<difficult>0</difficult>
		<bndbox>
			<xmin>56</xmin>
			<ymin>348</ymin>
			<xmax>219</xmax>
			<ymax>505</ymax>
		</bndbox>
	</object>
	<object>
		<name>block</name>
		<pose>Unspecified</pose>
		<truncated>0</truncated>
		<difficult>0</difficult>
		<bndbox>
			<xmin>250</xmin>
			<ymin>461</ymin>
			<xmax>423</xmax>
			<ymax>616</ymax>
		</bndbox>
	</object>
	<object>
		<name>block</name>
		<pose>Unspecified</pose>
		<truncated>0</truncated>
		<difficult>0</difficult>
		<bndbox>
			<xmin>267</xmin>
			<ymin>606</ymin>
			<xmax>425</xmax>
			<ymax>748</ymax>
		</bndbox>
	</object>
</annotation>
