<annotation>
	<folder>img</folder>
	<filename>img295.jpg</filename>
	<path>C:\Users\jsxyw\Desktop\新建文件夹\img\img295.jpg</path>
	<source>
		<database>Unknown</database>
	</source>
	<size>
		<width>447</width>
		<height>842</height>
		<depth>3</depth>
	</size>
	<segmented>0</segmented>
	<object>
		<name>block</name>
		<pose>Unspecified</pose>
		<truncated>0</truncated>
		<difficult>0</difficult>
		<bndbox>
			<xmin>272</xmin>
			<ymin>337</ymin>
			<xmax>431</xmax>
			<ymax>493</ymax>
		</bndbox>
	</object>
	<object>
		<name>block</name>
		<pose>Unspecified</pose>
		<truncated>0</truncated>
		<difficult>0</difficult>
		<bndbox>
			<xmin>7</xmin>
			<ymin>455</ymin>
			<xmax>229</xmax>
			<ymax>635</ymax>
		</bndbox>
	</object>
</annotation>
