<annotation>
	<folder>img</folder>
	<filename>img206.jpg</filename>
	<path>C:\Users\jsxyw\Desktop\新建文件夹\img\img206.jpg</path>
	<source>
		<database>Unknown</database>
	</source>
	<size>
		<width>447</width>
		<height>842</height>
		<depth>3</depth>
	</size>
	<segmented>0</segmented>
	<object>
		<name>block</name>
		<pose>Unspecified</pose>
		<truncated>0</truncated>
		<difficult>0</difficult>
		<bndbox>
			<xmin>295</xmin>
			<ymin>591</ymin>
			<xmax>446</xmax>
			<ymax>742</ymax>
		</bndbox>
	</object>
	<object>
		<name>block</name>
		<pose>Unspecified</pose>
		<truncated>0</truncated>
		<difficult>0</difficult>
		<bndbox>
			<xmin>74</xmin>
			<ymin>464</ymin>
			<xmax>233</xmax>
			<ymax>620</ymax>
		</bndbox>
	</object>
	<object>
		<name>block</name>
		<pose>Unspecified</pose>
		<truncated>0</truncated>
		<difficult>0</difficult>
		<bndbox>
			<xmin>236</xmin>
			<ymin>372</ymin>
			<xmax>398</xmax>
			<ymax>524</ymax>
		</bndbox>
	</object>
</annotation>
