<annotation>
	<folder>img</folder>
	<filename>img253.jpg</filename>
	<path>C:\Users\jsxyw\Desktop\新建文件夹\img\img253.jpg</path>
	<source>
		<database>Unknown</database>
	</source>
	<size>
		<width>447</width>
		<height>842</height>
		<depth>3</depth>
	</size>
	<segmented>0</segmented>
	<object>
		<name>block</name>
		<pose>Unspecified</pose>
		<truncated>0</truncated>
		<difficult>0</difficult>
		<bndbox>
			<xmin>231</xmin>
			<ymin>339</ymin>
			<xmax>427</xmax>
			<ymax>515</ymax>
		</bndbox>
	</object>
	<object>
		<name>block</name>
		<pose>Unspecified</pose>
		<truncated>0</truncated>
		<difficult>0</difficult>
		<bndbox>
			<xmin>41</xmin>
			<ymin>460</ymin>
			<xmax>238</xmax>
			<ymax>622</ymax>
		</bndbox>
	</object>
	<object>
		<name>player</name>
		<pose>Unspecified</pose>
		<truncated>0</truncated>
		<difficult>0</difficult>
		<bndbox>
			<xmin>116</xmin>
			<ymin>438</ymin>
			<xmax>167</xmax>
			<ymax>528</ymax>
		</bndbox>
	</object>
</annotation>
