<annotation>
	<folder>img</folder>
	<filename>img252.jpg</filename>
	<path>C:\Users\jsxyw\Desktop\新建文件夹\img\img252.jpg</path>
	<source>
		<database>Unknown</database>
	</source>
	<size>
		<width>447</width>
		<height>842</height>
		<depth>3</depth>
	</size>
	<segmented>0</segmented>
	<object>
		<name>block</name>
		<pose>Unspecified</pose>
		<truncated>0</truncated>
		<difficult>0</difficult>
		<bndbox>
			<xmin>277</xmin>
			<ymin>334</ymin>
			<xmax>433</xmax>
			<ymax>489</ymax>
		</bndbox>
	</object>
	<object>
		<name>block</name>
		<pose>Unspecified</pose>
		<truncated>0</truncated>
		<difficult>0</difficult>
		<bndbox>
			<xmin>53</xmin>
			<ymin>483</ymin>
			<xmax>175</xmax>
			<ymax>606</ymax>
		</bndbox>
	</object>
	<object>
		<name>block</name>
		<pose>Unspecified</pose>
		<truncated>0</truncated>
		<difficult>0</difficult>
		<bndbox>
			<xmin>178</xmin>
			<ymin>558</ymin>
			<xmax>377</xmax>
			<ymax>729</ymax>
		</bndbox>
	</object>
</annotation>
