<annotation>
	<folder>img</folder>
	<filename>img289.jpg</filename>
	<path>C:\Users\jsxyw\Desktop\新建文件夹\img\img289.jpg</path>
	<source>
		<database>Unknown</database>
	</source>
	<size>
		<width>447</width>
		<height>842</height>
		<depth>3</depth>
	</size>
	<segmented>0</segmented>
	<object>
		<name>player</name>
		<pose>Unspecified</pose>
		<truncated>0</truncated>
		<difficult>0</difficult>
		<bndbox>
			<xmin>114</xmin>
			<ymin>444</ymin>
			<xmax>156</xmax>
			<ymax>531</ymax>
		</bndbox>
	</object>
	<object>
		<name>block</name>
		<pose>Unspecified</pose>
		<truncated>0</truncated>
		<difficult>0</difficult>
		<bndbox>
			<xmin>230</xmin>
			<ymin>356</ymin>
			<xmax>400</xmax>
			<ymax>515</ymax>
		</bndbox>
	</object>
	<object>
		<name>block</name>
		<pose>Unspecified</pose>
		<truncated>0</truncated>
		<difficult>0</difficult>
		<bndbox>
			<xmin>62</xmin>
			<ymin>456</ymin>
			<xmax>251</xmax>
			<ymax>610</ymax>
		</bndbox>
	</object>
</annotation>
