<annotation>
	<folder>dataset</folder>
	<filename>img24.jpg</filename>
	<path>F:\1\yolov5_jumpgame\Game_Jump\dataset\img24.jpg</path>
	<source>
		<database>Unknown</database>
	</source>
	<size>
		<width>447</width>
		<height>842</height>
		<depth>3</depth>
	</size>
	<segmented>0</segmented>
	<object>
		<name>block</name>
		<pose>Unspecified</pose>
		<truncated>0</truncated>
		<difficult>0</difficult>
		<bndbox>
			<xmin>293</xmin>
			<ymin>260</ymin>
			<xmax>408</xmax>
			<ymax>385</ymax>
		</bndbox>
	</object>
	<object>
		<name>block</name>
		<pose>Unspecified</pose>
		<truncated>0</truncated>
		<difficult>0</difficult>
		<bndbox>
			<xmin>66</xmin>
			<ymin>435</ymin>
			<xmax>181</xmax>
			<ymax>548</ymax>
		</bndbox>
	</object>
	<object>
		<name>block</name>
		<pose>Unspecified</pose>
		<truncated>0</truncated>
		<difficult>0</difficult>
		<bndbox>
			<xmin>253</xmin>
			<ymin>547</ymin>
			<xmax>424</xmax>
			<ymax>701</ymax>
		</bndbox>
	</object>
	<object>
		<name>player</name>
		<pose>Unspecified</pose>
		<truncated>0</truncated>
		<difficult>0</difficult>
		<bndbox>
			<xmin>106</xmin>
			<ymin>390</ymin>
			<xmax>144</xmax>
			<ymax>479</ymax>
		</bndbox>
	</object>
</annotation>
