<annotation>
	<folder>img</folder>
	<filename>img268.jpg</filename>
	<path>C:\Users\jsxyw\Desktop\新建文件夹\img\img268.jpg</path>
	<source>
		<database>Unknown</database>
	</source>
	<size>
		<width>447</width>
		<height>842</height>
		<depth>3</depth>
	</size>
	<segmented>0</segmented>
	<object>
		<name>block</name>
		<pose>Unspecified</pose>
		<truncated>0</truncated>
		<difficult>0</difficult>
		<bndbox>
			<xmin>231</xmin>
			<ymin>348</ymin>
			<xmax>425</xmax>
			<ymax>514</ymax>
		</bndbox>
	</object>
	<object>
		<name>block</name>
		<pose>Unspecified</pose>
		<truncated>0</truncated>
		<difficult>0</difficult>
		<bndbox>
			<xmin>53</xmin>
			<ymin>451</ymin>
			<xmax>235</xmax>
			<ymax>606</ymax>
		</bndbox>
	</object>
	<object>
		<name>block</name>
		<pose>Unspecified</pose>
		<truncated>0</truncated>
		<difficult>0</difficult>
		<bndbox>
			<xmin>287</xmin>
			<ymin>585</ymin>
			<xmax>407</xmax>
			<ymax>717</ymax>
		</bndbox>
	</object>
</annotation>
