<annotation>
	<folder>img</folder>
	<filename>img286.jpg</filename>
	<path>C:\Users\jsxyw\Desktop\新建文件夹\img\img286.jpg</path>
	<source>
		<database>Unknown</database>
	</source>
	<size>
		<width>447</width>
		<height>842</height>
		<depth>3</depth>
	</size>
	<segmented>0</segmented>
	<object>
		<name>block</name>
		<pose>Unspecified</pose>
		<truncated>0</truncated>
		<difficult>0</difficult>
		<bndbox>
			<xmin>66</xmin>
			<ymin>357</ymin>
			<xmax>249</xmax>
			<ymax>514</ymax>
		</bndbox>
	</object>
	<object>
		<name>block</name>
		<pose>Unspecified</pose>
		<truncated>0</truncated>
		<difficult>0</difficult>
		<bndbox>
			<xmin>202</xmin>
			<ymin>434</ymin>
			<xmax>431</xmax>
			<ymax>615</ymax>
		</bndbox>
	</object>
	<object>
		<name>player</name>
		<pose>Unspecified</pose>
		<truncated>0</truncated>
		<difficult>0</difficult>
		<bndbox>
			<xmin>314</xmin>
			<ymin>426</ymin>
			<xmax>358</xmax>
			<ymax>521</ymax>
		</bndbox>
	</object>
</annotation>
