<annotation>
	<folder>img</folder>
	<filename>img276.jpg</filename>
	<path>C:\Users\jsxyw\Desktop\新建文件夹\img\img276.jpg</path>
	<source>
		<database>Unknown</database>
	</source>
	<size>
		<width>447</width>
		<height>842</height>
		<depth>3</depth>
	</size>
	<segmented>0</segmented>
	<object>
		<name>block</name>
		<pose>Unspecified</pose>
		<truncated>0</truncated>
		<difficult>0</difficult>
		<bndbox>
			<xmin>255</xmin>
			<ymin>369</ymin>
			<xmax>377</xmax>
			<ymax>490</ymax>
		</bndbox>
	</object>
	<object>
		<name>block</name>
		<pose>Unspecified</pose>
		<truncated>0</truncated>
		<difficult>0</difficult>
		<bndbox>
			<xmin>61</xmin>
			<ymin>443</ymin>
			<xmax>249</xmax>
			<ymax>612</ymax>
		</bndbox>
	</object>
</annotation>
