<annotation>
	<folder>img</folder>
	<filename>img211.jpg</filename>
	<path>C:\Users\jsxyw\Desktop\新建文件夹\img\img211.jpg</path>
	<source>
		<database>Unknown</database>
	</source>
	<size>
		<width>447</width>
		<height>842</height>
		<depth>3</depth>
	</size>
	<segmented>0</segmented>
	<object>
		<name>block</name>
		<pose>Unspecified</pose>
		<truncated>0</truncated>
		<difficult>0</difficult>
		<bndbox>
			<xmin>46</xmin>
			<ymin>457</ymin>
			<xmax>234</xmax>
			<ymax>636</ymax>
		</bndbox>
	</object>
	<object>
		<name>block</name>
		<pose>Unspecified</pose>
		<truncated>0</truncated>
		<difficult>0</difficult>
		<bndbox>
			<xmin>233</xmin>
			<ymin>355</ymin>
			<xmax>423</xmax>
			<ymax>524</ymax>
		</bndbox>
	</object>
</annotation>
