<annotation>
	<folder>dataset</folder>
	<filename>img22.jpg</filename>
	<path>F:\1\yolov5_jumpgame\Game_Jump\dataset\img22.jpg</path>
	<source>
		<database>Unknown</database>
	</source>
	<size>
		<width>447</width>
		<height>842</height>
		<depth>3</depth>
	</size>
	<segmented>0</segmented>
	<object>
		<name>block</name>
		<pose>Unspecified</pose>
		<truncated>0</truncated>
		<difficult>0</difficult>
		<bndbox>
			<xmin>60</xmin>
			<ymin>352</ymin>
			<xmax>224</xmax>
			<ymax>498</ymax>
		</bndbox>
	</object>
	<object>
		<name>block</name>
		<pose>Unspecified</pose>
		<truncated>0</truncated>
		<difficult>0</difficult>
		<bndbox>
			<xmin>271</xmin>
			<ymin>472</ymin>
			<xmax>384</xmax>
			<ymax>588</ymax>
		</bndbox>
	</object>
	<object>
		<name>player</name>
		<pose>Unspecified</pose>
		<truncated>0</truncated>
		<difficult>0</difficult>
		<bndbox>
			<xmin>327</xmin>
			<ymin>436</ymin>
			<xmax>368</xmax>
			<ymax>527</ymax>
		</bndbox>
	</object>
</annotation>
