<annotation>
	<folder>test</folder>
	<filename>img114.jpg</filename>
	<path>C:\Users\jsxyw\Desktop\test\img214.jpg</path>
	<source>
		<database>Unknown</database>
	</source>
	<size>
		<width>447</width>
		<height>842</height>
		<depth>3</depth>
	</size>
	<segmented>0</segmented>
	<object>
		<name>block</name>
		<pose>Unspecified</pose>
		<truncated>0</truncated>
		<difficult>0</difficult>
		<bndbox>
			<xmin>45</xmin>
			<ymin>351</ymin>
			<xmax>207</xmax>
			<ymax>507</ymax>
		</bndbox>
	</object>
	<object>
		<name>block</name>
		<pose>Unspecified</pose>
		<truncated>0</truncated>
		<difficult>0</difficult>
		<bndbox>
			<xmin>255</xmin>
			<ymin>486</ymin>
			<xmax>397</xmax>
			<ymax>619</ymax>
		</bndbox>
	</object>
	<object>
		<name>player</name>
		<pose>Unspecified</pose>
		<truncated>0</truncated>
		<difficult>0</difficult>
		<bndbox>
			<xmin>308</xmin>
			<ymin>451</ymin>
			<xmax>348</xmax>
			<ymax>536</ymax>
		</bndbox>
	</object>
</annotation>
