<annotation>
	<folder>dataset</folder>
	<filename>img27.jpg</filename>
	<path>F:\1\yolov5_jumpgame\Game_Jump\dataset\img27.jpg</path>
	<source>
		<database>Unknown</database>
	</source>
	<size>
		<width>447</width>
		<height>842</height>
		<depth>3</depth>
	</size>
	<segmented>0</segmented>
	<object>
		<name>block</name>
		<pose>Unspecified</pose>
		<truncated>0</truncated>
		<difficult>0</difficult>
		<bndbox>
			<xmin>90</xmin>
			<ymin>436</ymin>
			<xmax>271</xmax>
			<ymax>596</ymax>
		</bndbox>
	</object>
	<object>
		<name>block</name>
		<pose>Unspecified</pose>
		<truncated>0</truncated>
		<difficult>0</difficult>
		<bndbox>
			<xmin>197</xmin>
			<ymin>364</ymin>
			<xmax>381</xmax>
			<ymax>533</ymax>
		</bndbox>
	</object>
	<object>
		<name>block</name>
		<pose>Unspecified</pose>
		<truncated>1</truncated>
		<difficult>0</difficult>
		<bndbox>
			<xmin>1</xmin>
			<ymin>517</ymin>
			<xmax>118</xmax>
			<ymax>674</ymax>
		</bndbox>
	</object>
	<object>
		<name>player</name>
		<pose>Unspecified</pose>
		<truncated>0</truncated>
		<difficult>0</difficult>
		<bndbox>
			<xmin>162</xmin>
			<ymin>402</ymin>
			<xmax>200</xmax>
			<ymax>493</ymax>
		</bndbox>
	</object>
</annotation>
