<annotation>
	<folder>dataset</folder>
	<filename>img26.jpg</filename>
	<path>F:\1\yolov5_jumpgame\Game_Jump\dataset\img26.jpg</path>
	<source>
		<database>Unknown</database>
	</source>
	<size>
		<width>447</width>
		<height>842</height>
		<depth>3</depth>
	</size>
	<segmented>0</segmented>
	<object>
		<name>block</name>
		<pose>Unspecified</pose>
		<truncated>0</truncated>
		<difficult>0</difficult>
		<bndbox>
			<xmin>77</xmin>
			<ymin>448</ymin>
			<xmax>241</xmax>
			<ymax>602</ymax>
		</bndbox>
	</object>
	<object>
		<name>block</name>
		<pose>Unspecified</pose>
		<truncated>0</truncated>
		<difficult>0</difficult>
		<bndbox>
			<xmin>260</xmin>
			<ymin>338</ymin>
			<xmax>426</xmax>
			<ymax>500</ymax>
		</bndbox>
	</object>
	<object>
		<name>player</name>
		<pose>Unspecified</pose>
		<truncated>0</truncated>
		<difficult>0</difficult>
		<bndbox>
			<xmin>160</xmin>
			<ymin>403</ymin>
			<xmax>199</xmax>
			<ymax>497</ymax>
		</bndbox>
	</object>
</annotation>
