<annotation>
	<folder>test</folder>
	<filename>img118.jpg</filename>
	<path>C:\Users\jsxyw\Desktop\test\img218.jpg</path>
	<source>
		<database>Unknown</database>
	</source>
	<size>
		<width>447</width>
		<height>842</height>
		<depth>3</depth>
	</size>
	<segmented>0</segmented>
	<object>
		<name>block</name>
		<pose>Unspecified</pose>
		<truncated>0</truncated>
		<difficult>0</difficult>
		<bndbox>
			<xmin>58</xmin>
			<ymin>501</ymin>
			<xmax>207</xmax>
			<ymax>629</ymax>
		</bndbox>
	</object>
	<object>
		<name>block</name>
		<pose>Unspecified</pose>
		<truncated>0</truncated>
		<difficult>0</difficult>
		<bndbox>
			<xmin>292</xmin>
			<ymin>375</ymin>
			<xmax>386</xmax>
			<ymax>492</ymax>
		</bndbox>
	</object>
	<object>
		<name>player</name>
		<pose>Unspecified</pose>
		<truncated>0</truncated>
		<difficult>0</difficult>
		<bndbox>
			<xmin>100</xmin>
			<ymin>471</ymin>
			<xmax>140</xmax>
			<ymax>557</ymax>
		</bndbox>
	</object>
</annotation>
