<annotation>
	<folder>test</folder>
	<filename>img107.jpg</filename>
	<path>C:\Users\jsxyw\Desktop\test\img207.jpg</path>
	<source>
		<database>Unknown</database>
	</source>
	<size>
		<width>447</width>
		<height>842</height>
		<depth>3</depth>
	</size>
	<segmented>0</segmented>
	<object>
		<name>block</name>
		<pose>Unspecified</pose>
		<truncated>0</truncated>
		<difficult>0</difficult>
		<bndbox>
			<xmin>45</xmin>
			<ymin>467</ymin>
			<xmax>233</xmax>
			<ymax>651</ymax>
		</bndbox>
	</object>
	<object>
		<name>block</name>
		<pose>Unspecified</pose>
		<truncated>0</truncated>
		<difficult>0</difficult>
		<bndbox>
			<xmin>234</xmin>
			<ymin>355</ymin>
			<xmax>422</xmax>
			<ymax>536</ymax>
		</bndbox>
	</object>
	<object>
		<name>player</name>
		<pose>Unspecified</pose>
		<truncated>0</truncated>
		<difficult>0</difficult>
		<bndbox>
			<xmin>118</xmin>
			<ymin>444</ymin>
			<xmax>158</xmax>
			<ymax>534</ymax>
		</bndbox>
	</object>
</annotation>
