<annotation>
	<folder>img</folder>
	<filename>img292.jpg</filename>
	<path>C:\Users\jsxyw\Desktop\新建文件夹\img\img292.jpg</path>
	<source>
		<database>Unknown</database>
	</source>
	<size>
		<width>447</width>
		<height>842</height>
		<depth>3</depth>
	</size>
	<segmented>0</segmented>
	<object>
		<name>block</name>
		<pose>Unspecified</pose>
		<truncated>0</truncated>
		<difficult>0</difficult>
		<bndbox>
			<xmin>234</xmin>
			<ymin>339</ymin>
			<xmax>429</xmax>
			<ymax>514</ymax>
		</bndbox>
	</object>
	<object>
		<name>block</name>
		<pose>Unspecified</pose>
		<truncated>0</truncated>
		<difficult>0</difficult>
		<bndbox>
			<xmin>43</xmin>
			<ymin>453</ymin>
			<xmax>237</xmax>
			<ymax>621</ymax>
		</bndbox>
	</object>
	<object>
		<name>player</name>
		<pose>Unspecified</pose>
		<truncated>0</truncated>
		<difficult>0</difficult>
		<bndbox>
			<xmin>120</xmin>
			<ymin>426</ymin>
			<xmax>163</xmax>
			<ymax>522</ymax>
		</bndbox>
	</object>
</annotation>
