<annotation>
	<folder>dataset</folder>
	<filename>img200.jpg</filename>
	<path>F:\1\yolov5_jumpgame\Game_Jump\dataset\img200.jpg</path>
	<source>
		<database>Unknown</database>
	</source>
	<size>
		<width>447</width>
		<height>842</height>
		<depth>3</depth>
	</size>
	<segmented>0</segmented>
	<object>
		<name>block</name>
		<pose>Unspecified</pose>
		<truncated>0</truncated>
		<difficult>0</difficult>
		<bndbox>
			<xmin>267</xmin>
			<ymin>377</ymin>
			<xmax>362</xmax>
			<ymax>498</ymax>
		</bndbox>
	</object>
	<object>
		<name>block</name>
		<pose>Unspecified</pose>
		<truncated>0</truncated>
		<difficult>0</difficult>
		<bndbox>
			<xmin>56</xmin>
			<ymin>454</ymin>
			<xmax>258</xmax>
			<ymax>609</ymax>
		</bndbox>
	</object>
	<object>
		<name>player</name>
		<pose>Unspecified</pose>
		<truncated>0</truncated>
		<difficult>0</difficult>
		<bndbox>
			<xmin>141</xmin>
			<ymin>428</ymin>
			<xmax>178</xmax>
			<ymax>512</ymax>
		</bndbox>
	</object>
</annotation>
