<annotation>
	<folder>test</folder>
	<filename>img104.jpg</filename>
	<path>C:\Users\jsxyw\Desktop\test\img204.jpg</path>
	<source>
		<database>Unknown</database>
	</source>
	<size>
		<width>447</width>
		<height>842</height>
		<depth>3</depth>
	</size>
	<segmented>0</segmented>
	<object>
		<name>block</name>
		<pose>Unspecified</pose>
		<truncated>0</truncated>
		<difficult>0</difficult>
		<bndbox>
			<xmin>81</xmin>
			<ymin>461</ymin>
			<xmax>236</xmax>
			<ymax>611</ymax>
		</bndbox>
	</object>
	<object>
		<name>block</name>
		<pose>Unspecified</pose>
		<truncated>0</truncated>
		<difficult>0</difficult>
		<bndbox>
			<xmin>235</xmin>
			<ymin>376</ymin>
			<xmax>384</xmax>
			<ymax>526</ymax>
		</bndbox>
	</object>
	<object>
		<name>player</name>
		<pose>Unspecified</pose>
		<truncated>0</truncated>
		<difficult>0</difficult>
		<bndbox>
			<xmin>229</xmin>
			<ymin>436</ymin>
			<xmax>264</xmax>
			<ymax>526</ymax>
		</bndbox>
	</object>
</annotation>
