<annotation>
	<folder>test</folder>
	<filename>img147.jpg</filename>
	<path>C:\Users\jsxyw\Desktop\test\img247.jpg</path>
	<source>
		<database>Unknown</database>
	</source>
	<size>
		<width>447</width>
		<height>842</height>
		<depth>3</depth>
	</size>
	<segmented>0</segmented>
	<object>
		<name>block</name>
		<pose>Unspecified</pose>
		<truncated>0</truncated>
		<difficult>0</difficult>
		<bndbox>
			<xmin>22</xmin>
			<ymin>336</ymin>
			<xmax>169</xmax>
			<ymax>485</ymax>
		</bndbox>
	</object>
	<object>
		<name>block</name>
		<pose>Unspecified</pose>
		<truncated>0</truncated>
		<difficult>0</difficult>
		<bndbox>
			<xmin>190</xmin>
			<ymin>444</ymin>
			<xmax>412</xmax>
			<ymax>624</ymax>
		</bndbox>
	</object>
	<object>
		<name>player</name>
		<pose>Unspecified</pose>
		<truncated>0</truncated>
		<difficult>0</difficult>
		<bndbox>
			<xmin>282</xmin>
			<ymin>428</ymin>
			<xmax>326</xmax>
			<ymax>525</ymax>
		</bndbox>
	</object>
</annotation>
