<annotation>
	<folder>img</folder>
	<filename>img284.jpg</filename>
	<path>C:\Users\jsxyw\Desktop\新建文件夹\img\img284.jpg</path>
	<source>
		<database>Unknown</database>
	</source>
	<size>
		<width>447</width>
		<height>842</height>
		<depth>3</depth>
	</size>
	<segmented>0</segmented>
	<object>
		<name>block</name>
		<pose>Unspecified</pose>
		<truncated>1</truncated>
		<difficult>0</difficult>
		<bndbox>
			<xmin>291</xmin>
			<ymin>325</ymin>
			<xmax>447</xmax>
			<ymax>479</ymax>
		</bndbox>
	</object>
	<object>
		<name>block</name>
		<pose>Unspecified</pose>
		<truncated>0</truncated>
		<difficult>0</difficult>
		<bndbox>
			<xmin>53</xmin>
			<ymin>447</ymin>
			<xmax>246</xmax>
			<ymax>617</ymax>
		</bndbox>
	</object>
	<object>
		<name>player</name>
		<pose>Unspecified</pose>
		<truncated>0</truncated>
		<difficult>0</difficult>
		<bndbox>
			<xmin>122</xmin>
			<ymin>424</ymin>
			<xmax>161</xmax>
			<ymax>516</ymax>
		</bndbox>
	</object>
</annotation>
