<annotation>
	<folder>img</folder>
	<filename>img283.jpg</filename>
	<path>C:\Users\jsxyw\Desktop\新建文件夹\img\img283.jpg</path>
	<source>
		<database>Unknown</database>
	</source>
	<size>
		<width>447</width>
		<height>842</height>
		<depth>3</depth>
	</size>
	<segmented>0</segmented>
	<object>
		<name>block</name>
		<pose>Unspecified</pose>
		<truncated>0</truncated>
		<difficult>0</difficult>
		<bndbox>
			<xmin>253</xmin>
			<ymin>387</ymin>
			<xmax>352</xmax>
			<ymax>491</ymax>
		</bndbox>
	</object>
	<object>
		<name>block</name>
		<pose>Unspecified</pose>
		<truncated>0</truncated>
		<difficult>0</difficult>
		<bndbox>
			<xmin>86</xmin>
			<ymin>443</ymin>
			<xmax>248</xmax>
			<ymax>598</ymax>
		</bndbox>
	</object>
</annotation>
