<annotation>
	<folder>img</folder>
	<filename>img266.jpg</filename>
	<path>C:\Users\jsxyw\Desktop\新建文件夹\img\img266.jpg</path>
	<source>
		<database>Unknown</database>
	</source>
	<size>
		<width>447</width>
		<height>842</height>
		<depth>3</depth>
	</size>
	<segmented>0</segmented>
	<object>
		<name>block</name>
		<pose>Unspecified</pose>
		<truncated>0</truncated>
		<difficult>0</difficult>
		<bndbox>
			<xmin>223</xmin>
			<ymin>359</ymin>
			<xmax>395</xmax>
			<ymax>522</ymax>
		</bndbox>
	</object>
	<object>
		<name>block</name>
		<pose>Unspecified</pose>
		<truncated>0</truncated>
		<difficult>0</difficult>
		<bndbox>
			<xmin>67</xmin>
			<ymin>445</ymin>
			<xmax>260</xmax>
			<ymax>612</ymax>
		</bndbox>
	</object>
</annotation>
