<annotation>
	<folder>dataset</folder>
	<filename>img20.jpg</filename>
	<path>F:\1\yolov5_jumpgame\Game_Jump\dataset\img20.jpg</path>
	<source>
		<database>Unknown</database>
	</source>
	<size>
		<width>447</width>
		<height>842</height>
		<depth>3</depth>
	</size>
	<segmented>0</segmented>
	<object>
		<name>block</name>
		<pose>Unspecified</pose>
		<truncated>0</truncated>
		<difficult>0</difficult>
		<bndbox>
			<xmin>89</xmin>
			<ymin>365</ymin>
			<xmax>246</xmax>
			<ymax>521</ymax>
		</bndbox>
	</object>
	<object>
		<name>block</name>
		<pose>Unspecified</pose>
		<truncated>0</truncated>
		<difficult>0</difficult>
		<bndbox>
			<xmin>210</xmin>
			<ymin>439</ymin>
			<xmax>395</xmax>
			<ymax>604</ymax>
		</bndbox>
	</object>
	<object>
		<name>player</name>
		<pose>Unspecified</pose>
		<truncated>0</truncated>
		<difficult>0</difficult>
		<bndbox>
			<xmin>314</xmin>
			<ymin>429</ymin>
			<xmax>349</xmax>
			<ymax>518</ymax>
		</bndbox>
	</object>
</annotation>
