<annotation>
	<folder>img</folder>
	<filename>img272.jpg</filename>
	<path>C:\Users\jsxyw\Desktop\新建文件夹\img\img272.jpg</path>
	<source>
		<database>Unknown</database>
	</source>
	<size>
		<width>447</width>
		<height>842</height>
		<depth>3</depth>
	</size>
	<segmented>0</segmented>
	<object>
		<name>block</name>
		<pose>Unspecified</pose>
		<truncated>0</truncated>
		<difficult>0</difficult>
		<bndbox>
			<xmin>248</xmin>
			<ymin>371</ymin>
			<xmax>371</xmax>
			<ymax>490</ymax>
		</bndbox>
	</object>
	<object>
		<name>block</name>
		<pose>Unspecified</pose>
		<truncated>0</truncated>
		<difficult>0</difficult>
		<bndbox>
			<xmin>76</xmin>
			<ymin>447</ymin>
			<xmax>250</xmax>
			<ymax>604</ymax>
		</bndbox>
	</object>
	<object>
		<name>block</name>
		<pose>Unspecified</pose>
		<truncated>0</truncated>
		<difficult>0</difficult>
		<bndbox>
			<xmin>239</xmin>
			<ymin>541</ymin>
			<xmax>425</xmax>
			<ymax>704</ymax>
		</bndbox>
	</object>
</annotation>
