<annotation>
	<folder>test</folder>
	<filename>img126.jpg</filename>
	<path>C:\Users\jsxyw\Desktop\test\img226.jpg</path>
	<source>
		<database>Unknown</database>
	</source>
	<size>
		<width>447</width>
		<height>842</height>
		<depth>3</depth>
	</size>
	<segmented>0</segmented>
	<object>
		<name>block</name>
		<pose>Unspecified</pose>
		<truncated>0</truncated>
		<difficult>0</difficult>
		<bndbox>
			<xmin>45</xmin>
			<ymin>467</ymin>
			<xmax>233</xmax>
			<ymax>635</ymax>
		</bndbox>
	</object>
	<object>
		<name>block</name>
		<pose>Unspecified</pose>
		<truncated>0</truncated>
		<difficult>0</difficult>
		<bndbox>
			<xmin>234</xmin>
			<ymin>351</ymin>
			<xmax>427</xmax>
			<ymax>528</ymax>
		</bndbox>
	</object>
	<object>
		<name>player</name>
		<pose>Unspecified</pose>
		<truncated>0</truncated>
		<difficult>0</difficult>
		<bndbox>
			<xmin>119</xmin>
			<ymin>429</ymin>
			<xmax>159</xmax>
			<ymax>532</ymax>
		</bndbox>
	</object>
</annotation>
