<annotation>
	<folder>img</folder>
	<filename>img264.jpg</filename>
	<path>C:\Users\jsxyw\Desktop\新建文件夹\img\img264.jpg</path>
	<source>
		<database>Unknown</database>
	</source>
	<size>
		<width>447</width>
		<height>842</height>
		<depth>3</depth>
	</size>
	<segmented>0</segmented>
	<object>
		<name>block</name>
		<pose>Unspecified</pose>
		<truncated>0</truncated>
		<difficult>0</difficult>
		<bndbox>
			<xmin>82</xmin>
			<ymin>365</ymin>
			<xmax>249</xmax>
			<ymax>527</ymax>
		</bndbox>
	</object>
	<object>
		<name>block</name>
		<pose>Unspecified</pose>
		<truncated>0</truncated>
		<difficult>0</difficult>
		<bndbox>
			<xmin>224</xmin>
			<ymin>444</ymin>
			<xmax>381</xmax>
			<ymax>599</ymax>
		</bndbox>
	</object>
	<object>
		<name>block</name>
		<pose>Unspecified</pose>
		<truncated>1</truncated>
		<difficult>0</difficult>
		<bndbox>
			<xmin>358</xmin>
			<ymin>519</ymin>
			<xmax>447</xmax>
			<ymax>658</ymax>
		</bndbox>
	</object>
</annotation>
