<annotation>
	<folder>dataset</folder>
	<filename>img35.jpg</filename>
	<path>F:\1\yolov5_jumpgame\Game_Jump\dataset\img35.jpg</path>
	<source>
		<database>Unknown</database>
	</source>
	<size>
		<width>447</width>
		<height>842</height>
		<depth>3</depth>
	</size>
	<segmented>0</segmented>
	<object>
		<name>block</name>
		<pose>Unspecified</pose>
		<truncated>0</truncated>
		<difficult>0</difficult>
		<bndbox>
			<xmin>234</xmin>
			<ymin>452</ymin>
			<xmax>412</xmax>
			<ymax>612</ymax>
		</bndbox>
	</object>
	<object>
		<name>block</name>
		<pose>Unspecified</pose>
		<truncated>0</truncated>
		<difficult>0</difficult>
		<bndbox>
			<xmin>68</xmin>
			<ymin>354</ymin>
			<xmax>232</xmax>
			<ymax>506</ymax>
		</bndbox>
	</object>
	<object>
		<name>player</name>
		<pose>Unspecified</pose>
		<truncated>0</truncated>
		<difficult>0</difficult>
		<bndbox>
			<xmin>332</xmin>
			<ymin>437</ymin>
			<xmax>370</xmax>
			<ymax>526</ymax>
		</bndbox>
	</object>
</annotation>
