<annotation>
	<folder>dataset</folder>
	<filename>img30.jpg</filename>
	<path>F:\1\yolov5_jumpgame\Game_Jump\dataset\img30.jpg</path>
	<source>
		<database>Unknown</database>
	</source>
	<size>
		<width>447</width>
		<height>842</height>
		<depth>3</depth>
	</size>
	<segmented>0</segmented>
	<object>
		<name>block</name>
		<pose>Unspecified</pose>
		<truncated>0</truncated>
		<difficult>0</difficult>
		<bndbox>
			<xmin>223</xmin>
			<ymin>447</ymin>
			<xmax>388</xmax>
			<ymax>601</ymax>
		</bndbox>
	</object>
	<object>
		<name>block</name>
		<pose>Unspecified</pose>
		<truncated>0</truncated>
		<difficult>0</difficult>
		<bndbox>
			<xmin>82</xmin>
			<ymin>366</ymin>
			<xmax>247</xmax>
			<ymax>518</ymax>
		</bndbox>
	</object>
	<object>
		<name>block</name>
		<pose>Unspecified</pose>
		<truncated>0</truncated>
		<difficult>0</difficult>
		<bndbox>
			<xmin>173</xmin>
			<ymin>646</ymin>
			<xmax>352</xmax>
			<ymax>815</ymax>
		</bndbox>
	</object>
	<object>
		<name>player</name>
		<pose>Unspecified</pose>
		<truncated>0</truncated>
		<difficult>0</difficult>
		<bndbox>
			<xmin>286</xmin>
			<ymin>415</ymin>
			<xmax>328</xmax>
			<ymax>504</ymax>
		</bndbox>
	</object>
</annotation>
