<annotation>
	<folder>dataset</folder>
	<filename>img33.jpg</filename>
	<path>F:\1\yolov5_jumpgame\Game_Jump\dataset\img33.jpg</path>
	<source>
		<database>Unknown</database>
	</source>
	<size>
		<width>447</width>
		<height>842</height>
		<depth>3</depth>
	</size>
	<segmented>0</segmented>
	<object>
		<name>block</name>
		<pose>Unspecified</pose>
		<truncated>0</truncated>
		<difficult>0</difficult>
		<bndbox>
			<xmin>226</xmin>
			<ymin>348</ymin>
			<xmax>419</xmax>
			<ymax>518</ymax>
		</bndbox>
	</object>
	<object>
		<name>block</name>
		<pose>Unspecified</pose>
		<truncated>0</truncated>
		<difficult>0</difficult>
		<bndbox>
			<xmin>49</xmin>
			<ymin>444</ymin>
			<xmax>246</xmax>
			<ymax>618</ymax>
		</bndbox>
	</object>
	<object>
		<name>player</name>
		<pose>Unspecified</pose>
		<truncated>0</truncated>
		<difficult>0</difficult>
		<bndbox>
			<xmin>272</xmin>
			<ymin>325</ymin>
			<xmax>318</xmax>
			<ymax>415</ymax>
		</bndbox>
	</object>
</annotation>
