<annotation>
	<folder>dataset</folder>
	<filename>img38.jpg</filename>
	<path>F:\1\yolov5_jumpgame\Game_Jump\dataset\img38.jpg</path>
	<source>
		<database>Unknown</database>
	</source>
	<size>
		<width>447</width>
		<height>842</height>
		<depth>3</depth>
	</size>
	<segmented>0</segmented>
	<object>
		<name>block</name>
		<pose>Unspecified</pose>
		<truncated>0</truncated>
		<difficult>0</difficult>
		<bndbox>
			<xmin>265</xmin>
			<ymin>477</ymin>
			<xmax>435</xmax>
			<ymax>626</ymax>
		</bndbox>
	</object>
	<object>
		<name>block</name>
		<pose>Unspecified</pose>
		<truncated>0</truncated>
		<difficult>0</difficult>
		<bndbox>
			<xmin>36</xmin>
			<ymin>334</ymin>
			<xmax>208</xmax>
			<ymax>500</ymax>
		</bndbox>
	</object>
	<object>
		<name>player</name>
		<pose>Unspecified</pose>
		<truncated>0</truncated>
		<difficult>0</difficult>
		<bndbox>
			<xmin>326</xmin>
			<ymin>432</ymin>
			<xmax>360</xmax>
			<ymax>525</ymax>
		</bndbox>
	</object>
</annotation>
