<annotation>
	<folder>dataset</folder>
	<filename>img32.jpg</filename>
	<path>F:\1\yolov5_jumpgame\Game_Jump\dataset\img32.jpg</path>
	<source>
		<database>Unknown</database>
	</source>
	<size>
		<width>447</width>
		<height>842</height>
		<depth>3</depth>
	</size>
	<segmented>0</segmented>
	<object>
		<name>block</name>
		<pose>Unspecified</pose>
		<truncated>0</truncated>
		<difficult>0</difficult>
		<bndbox>
			<xmin>231</xmin>
			<ymin>340</ymin>
			<xmax>429</xmax>
			<ymax>514</ymax>
		</bndbox>
	</object>
	<object>
		<name>block</name>
		<pose>Unspecified</pose>
		<truncated>0</truncated>
		<difficult>0</difficult>
		<bndbox>
			<xmin>47</xmin>
			<ymin>450</ymin>
			<xmax>237</xmax>
			<ymax>625</ymax>
		</bndbox>
	</object>
	<object>
		<name>player</name>
		<pose>Unspecified</pose>
		<truncated>0</truncated>
		<difficult>0</difficult>
		<bndbox>
			<xmin>123</xmin>
			<ymin>347</ymin>
			<xmax>161</xmax>
			<ymax>442</ymax>
		</bndbox>
	</object>
</annotation>
