<annotation>
	<folder>dataset</folder>
	<filename>img36.jpg</filename>
	<path>F:\1\yolov5_jumpgame\Game_Jump\dataset\img36.jpg</path>
	<source>
		<database>Unknown</database>
	</source>
	<size>
		<width>447</width>
		<height>842</height>
		<depth>3</depth>
	</size>
	<segmented>0</segmented>
	<object>
		<name>block</name>
		<pose>Unspecified</pose>
		<truncated>0</truncated>
		<difficult>0</difficult>
		<bndbox>
			<xmin>244</xmin>
			<ymin>341</ymin>
			<xmax>423</xmax>
			<ymax>510</ymax>
		</bndbox>
	</object>
	<object>
		<name>block</name>
		<pose>Unspecified</pose>
		<truncated>0</truncated>
		<difficult>0</difficult>
		<bndbox>
			<xmin>51</xmin>
			<ymin>461</ymin>
			<xmax>220</xmax>
			<ymax>617</ymax>
		</bndbox>
	</object>
	<object>
		<name>player</name>
		<pose>Unspecified</pose>
		<truncated>0</truncated>
		<difficult>0</difficult>
		<bndbox>
			<xmin>120</xmin>
			<ymin>431</ymin>
			<xmax>157</xmax>
			<ymax>521</ymax>
		</bndbox>
	</object>
</annotation>
