<annotation>
	<folder>dataset</folder>
	<filename>img40.jpg</filename>
	<path>F:\1\yolov5_jumpgame\Game_Jump\dataset\img40.jpg</path>
	<source>
		<database>Unknown</database>
	</source>
	<size>
		<width>447</width>
		<height>842</height>
		<depth>3</depth>
	</size>
	<segmented>0</segmented>
	<object>
		<name>block</name>
		<pose>Unspecified</pose>
		<truncated>0</truncated>
		<difficult>0</difficult>
		<bndbox>
			<xmin>202</xmin>
			<ymin>367</ymin>
			<xmax>379</xmax>
			<ymax>531</ymax>
		</bndbox>
	</object>
	<object>
		<name>block</name>
		<pose>Unspecified</pose>
		<truncated>0</truncated>
		<difficult>0</difficult>
		<bndbox>
			<xmin>94</xmin>
			<ymin>434</ymin>
			<xmax>270</xmax>
			<ymax>599</ymax>
		</bndbox>
	</object>
	<object>
		<name>block</name>
		<pose>Unspecified</pose>
		<truncated>0</truncated>
		<difficult>0</difficult>
		<bndbox>
			<xmin>238</xmin>
			<ymin>515</ymin>
			<xmax>408</xmax>
			<ymax>676</ymax>
		</bndbox>
	</object>
	<object>
		<name>player</name>
		<pose>Unspecified</pose>
		<truncated>0</truncated>
		<difficult>0</difficult>
		<bndbox>
			<xmin>158</xmin>
			<ymin>402</ymin>
			<xmax>195</xmax>
			<ymax>491</ymax>
		</bndbox>
	</object>
</annotation>
