<annotation>
	<folder>dataset</folder>
	<filename>img43.jpg</filename>
	<path>F:\1\yolov5_jumpgame\Game_Jump\dataset\img43.jpg</path>
	<source>
		<database>Unknown</database>
	</source>
	<size>
		<width>447</width>
		<height>842</height>
		<depth>3</depth>
	</size>
	<segmented>0</segmented>
	<object>
		<name>block</name>
		<pose>Unspecified</pose>
		<truncated>0</truncated>
		<difficult>0</difficult>
		<bndbox>
			<xmin>276</xmin>
			<ymin>332</ymin>
			<xmax>436</xmax>
			<ymax>488</ymax>
		</bndbox>
	</object>
	<object>
		<name>block</name>
		<pose>Unspecified</pose>
		<truncated>0</truncated>
		<difficult>0</difficult>
		<bndbox>
			<xmin>29</xmin>
			<ymin>458</ymin>
			<xmax>222</xmax>
			<ymax>631</ymax>
		</bndbox>
	</object>
	<object>
		<name>player</name>
		<pose>Unspecified</pose>
		<truncated>0</truncated>
		<difficult>0</difficult>
		<bndbox>
			<xmin>77</xmin>
			<ymin>450</ymin>
			<xmax>116</xmax>
			<ymax>545</ymax>
		</bndbox>
	</object>
</annotation>
