<annotation>
	<folder>dataset</folder>
	<filename>img48.jpg</filename>
	<path>F:\1\yolov5_jumpgame\Game_Jump\dataset\img48.jpg</path>
	<source>
		<database>Unknown</database>
	</source>
	<size>
		<width>447</width>
		<height>842</height>
		<depth>3</depth>
	</size>
	<segmented>0</segmented>
	<object>
		<name>block</name>
		<pose>Unspecified</pose>
		<truncated>0</truncated>
		<difficult>0</difficult>
		<bndbox>
			<xmin>32</xmin>
			<ymin>339</ymin>
			<xmax>217</xmax>
			<ymax>507</ymax>
		</bndbox>
	</object>
	<object>
		<name>block</name>
		<pose>Unspecified</pose>
		<truncated>1</truncated>
		<difficult>0</difficult>
		<bndbox>
			<xmin>282</xmin>
			<ymin>478</ymin>
			<xmax>447</xmax>
			<ymax>638</ymax>
		</bndbox>
	</object>
	<object>
		<name>player</name>
		<pose>Unspecified</pose>
		<truncated>0</truncated>
		<difficult>0</difficult>
		<bndbox>
			<xmin>119</xmin>
			<ymin>314</ymin>
			<xmax>153</xmax>
			<ymax>404</ymax>
		</bndbox>
	</object>
</annotation>
