<annotation>
	<folder>dataset</folder>
	<filename>img57.jpg</filename>
	<path>F:\1\yolov5_jumpgame\Game_Jump\dataset\img57.jpg</path>
	<source>
		<database>Unknown</database>
	</source>
	<size>
		<width>447</width>
		<height>842</height>
		<depth>3</depth>
	</size>
	<segmented>0</segmented>
	<object>
		<name>block</name>
		<pose>Unspecified</pose>
		<truncated>0</truncated>
		<difficult>0</difficult>
		<bndbox>
			<xmin>78</xmin>
			<ymin>359</ymin>
			<xmax>257</xmax>
			<ymax>525</ymax>
		</bndbox>
	</object>
	<object>
		<name>block</name>
		<pose>Unspecified</pose>
		<truncated>0</truncated>
		<difficult>0</difficult>
		<bndbox>
			<xmin>217</xmin>
			<ymin>441</ymin>
			<xmax>392</xmax>
			<ymax>603</ymax>
		</bndbox>
	</object>
	<object>
		<name>block</name>
		<pose>Unspecified</pose>
		<truncated>0</truncated>
		<difficult>0</difficult>
		<bndbox>
			<xmin>46</xmin>
			<ymin>520</ymin>
			<xmax>251</xmax>
			<ymax>699</ymax>
		</bndbox>
	</object>
	<object>
		<name>player</name>
		<pose>Unspecified</pose>
		<truncated>0</truncated>
		<difficult>0</difficult>
		<bndbox>
			<xmin>272</xmin>
			<ymin>418</ymin>
			<xmax>307</xmax>
			<ymax>510</ymax>
		</bndbox>
	</object>
</annotation>
