<annotation>
	<folder>dataset</folder>
	<filename>img53.jpg</filename>
	<path>F:\1\yolov5_jumpgame\Game_Jump\dataset\img53.jpg</path>
	<source>
		<database>Unknown</database>
	</source>
	<size>
		<width>447</width>
		<height>842</height>
		<depth>3</depth>
	</size>
	<segmented>0</segmented>
	<object>
		<name>block</name>
		<pose>Unspecified</pose>
		<truncated>0</truncated>
		<difficult>0</difficult>
		<bndbox>
			<xmin>82</xmin>
			<ymin>365</ymin>
			<xmax>236</xmax>
			<ymax>513</ymax>
		</bndbox>
	</object>
	<object>
		<name>block</name>
		<pose>Unspecified</pose>
		<truncated>0</truncated>
		<difficult>0</difficult>
		<bndbox>
			<xmin>241</xmin>
			<ymin>455</ymin>
			<xmax>385</xmax>
			<ymax>604</ymax>
		</bndbox>
	</object>
	<object>
		<name>block</name>
		<pose>Unspecified</pose>
		<truncated>0</truncated>
		<difficult>0</difficult>
		<bndbox>
			<xmin>13</xmin>
			<ymin>570</ymin>
			<xmax>187</xmax>
			<ymax>730</ymax>
		</bndbox>
	</object>
	<object>
		<name>player</name>
		<pose>Unspecified</pose>
		<truncated>0</truncated>
		<difficult>0</difficult>
		<bndbox>
			<xmin>298</xmin>
			<ymin>415</ymin>
			<xmax>333</xmax>
			<ymax>505</ymax>
		</bndbox>
	</object>
</annotation>
