<annotation>
	<folder>dataset</folder>
	<filename>img52.jpg</filename>
	<path>F:\1\yolov5_jumpgame\Game_Jump\dataset\img52.jpg</path>
	<source>
		<database>Unknown</database>
	</source>
	<size>
		<width>447</width>
		<height>842</height>
		<depth>3</depth>
	</size>
	<segmented>0</segmented>
	<object>
		<name>block</name>
		<pose>Unspecified</pose>
		<truncated>0</truncated>
		<difficult>0</difficult>
		<bndbox>
			<xmin>231</xmin>
			<ymin>358</ymin>
			<xmax>401</xmax>
			<ymax>519</ymax>
		</bndbox>
	</object>
	<object>
		<name>block</name>
		<pose>Unspecified</pose>
		<truncated>0</truncated>
		<difficult>0</difficult>
		<bndbox>
			<xmin>76</xmin>
			<ymin>456</ymin>
			<xmax>236</xmax>
			<ymax>601</ymax>
		</bndbox>
	</object>
	<object>
		<name>block</name>
		<pose>Unspecified</pose>
		<truncated>0</truncated>
		<difficult>0</difficult>
		<bndbox>
			<xmin>74</xmin>
			<ymin>672</ymin>
			<xmax>254</xmax>
			<ymax>836</ymax>
		</bndbox>
	</object>
	<object>
		<name>player</name>
		<pose>Unspecified</pose>
		<truncated>0</truncated>
		<difficult>0</difficult>
		<bndbox>
			<xmin>119</xmin>
			<ymin>428</ymin>
			<xmax>155</xmax>
			<ymax>522</ymax>
		</bndbox>
	</object>
</annotation>
