<annotation>
	<folder>dataset</folder>
	<filename>img56.jpg</filename>
	<path>F:\1\yolov5_jumpgame\Game_Jump\dataset\img56.jpg</path>
	<source>
		<database>Unknown</database>
	</source>
	<size>
		<width>447</width>
		<height>842</height>
		<depth>3</depth>
	</size>
	<segmented>0</segmented>
	<object>
		<name>block</name>
		<pose>Unspecified</pose>
		<truncated>0</truncated>
		<difficult>0</difficult>
		<bndbox>
			<xmin>101</xmin>
			<ymin>439</ymin>
			<xmax>251</xmax>
			<ymax>591</ymax>
		</bndbox>
	</object>
	<object>
		<name>block</name>
		<pose>Unspecified</pose>
		<truncated>0</truncated>
		<difficult>0</difficult>
		<bndbox>
			<xmin>240</xmin>
			<ymin>384</ymin>
			<xmax>346</xmax>
			<ymax>500</ymax>
		</bndbox>
	</object>
	<object>
		<name>block</name>
		<pose>Unspecified</pose>
		<truncated>0</truncated>
		<difficult>0</difficult>
		<bndbox>
			<xmin>86</xmin>
			<ymin>674</ymin>
			<xmax>231</xmax>
			<ymax>821</ymax>
		</bndbox>
	</object>
	<object>
		<name>player</name>
		<pose>Unspecified</pose>
		<truncated>0</truncated>
		<difficult>0</difficult>
		<bndbox>
			<xmin>149</xmin>
			<ymin>410</ymin>
			<xmax>190</xmax>
			<ymax>497</ymax>
		</bndbox>
	</object>
</annotation>
