<annotation>
	<folder>dataset</folder>
	<filename>img62.jpg</filename>
	<path>F:\1\yolov5_jumpgame\Game_Jump\dataset\img62.jpg</path>
	<source>
		<database>Unknown</database>
	</source>
	<size>
		<width>447</width>
		<height>842</height>
		<depth>3</depth>
	</size>
	<segmented>0</segmented>
	<object>
		<name>block</name>
		<pose>Unspecified</pose>
		<truncated>0</truncated>
		<difficult>0</difficult>
		<bndbox>
			<xmin>229</xmin>
			<ymin>340</ymin>
			<xmax>428</xmax>
			<ymax>519</ymax>
		</bndbox>
	</object>
	<object>
		<name>block</name>
		<pose>Unspecified</pose>
		<truncated>0</truncated>
		<difficult>0</difficult>
		<bndbox>
			<xmin>34</xmin>
			<ymin>455</ymin>
			<xmax>244</xmax>
			<ymax>626</ymax>
		</bndbox>
	</object>
	<object>
		<name>player</name>
		<pose>Unspecified</pose>
		<truncated>0</truncated>
		<difficult>0</difficult>
		<bndbox>
			<xmin>120</xmin>
			<ymin>433</ymin>
			<xmax>160</xmax>
			<ymax>520</ymax>
		</bndbox>
	</object>
</annotation>
