<annotation>
	<folder>dataset</folder>
	<filename>img65.jpg</filename>
	<path>F:\1\yolov5_jumpgame\Game_Jump\dataset\img65.jpg</path>
	<source>
		<database>Unknown</database>
	</source>
	<size>
		<width>447</width>
		<height>842</height>
		<depth>3</depth>
	</size>
	<segmented>0</segmented>
	<object>
		<name>block</name>
		<pose>Unspecified</pose>
		<truncated>0</truncated>
		<difficult>0</difficult>
		<bndbox>
			<xmin>224</xmin>
			<ymin>362</ymin>
			<xmax>384</xmax>
			<ymax>517</ymax>
		</bndbox>
	</object>
	<object>
		<name>block</name>
		<pose>Unspecified</pose>
		<truncated>0</truncated>
		<difficult>0</difficult>
		<bndbox>
			<xmin>76</xmin>
			<ymin>445</ymin>
			<xmax>262</xmax>
			<ymax>603</ymax>
		</bndbox>
	</object>
	<object>
		<name>block</name>
		<pose>Unspecified</pose>
		<truncated>1</truncated>
		<difficult>0</difficult>
		<bndbox>
			<xmin>1</xmin>
			<ymin>509</ymin>
			<xmax>137</xmax>
			<ymax>661</ymax>
		</bndbox>
	</object>
	<object>
		<name>player</name>
		<pose>Unspecified</pose>
		<truncated>0</truncated>
		<difficult>0</difficult>
		<bndbox>
			<xmin>111</xmin>
			<ymin>432</ymin>
			<xmax>146</xmax>
			<ymax>522</ymax>
		</bndbox>
	</object>
</annotation>
