<annotation>
	<folder>dataset</folder>
	<filename>img66.jpg</filename>
	<path>F:\1\yolov5\Game_Jump\dataset\img66.jpg</path>
	<source>
		<database>Unknown</database>
	</source>
	<size>
		<width>447</width>
		<height>842</height>
		<depth>3</depth>
	</size>
	<segmented>0</segmented>
	<object>
		<name>block</name>
		<pose>Unspecified</pose>
		<truncated>0</truncated>
		<difficult>0</difficult>
		<bndbox>
			<xmin>79</xmin>
			<ymin>363</ymin>
			<xmax>232</xmax>
			<ymax>514</ymax>
		</bndbox>
	</object>
	<object>
		<name>block</name>
		<pose>Unspecified</pose>
		<truncated>0</truncated>
		<difficult>0</difficult>
		<bndbox>
			<xmin>232</xmin>
			<ymin>446</ymin>
			<xmax>396</xmax>
			<ymax>611</ymax>
		</bndbox>
	</object>
</annotation>
