<annotation>
	<folder>dataset</folder>
	<filename>img60.jpg</filename>
	<path>F:\1\yolov5_jumpgame\Game_Jump\dataset\img60.jpg</path>
	<source>
		<database>Unknown</database>
	</source>
	<size>
		<width>447</width>
		<height>842</height>
		<depth>3</depth>
	</size>
	<segmented>0</segmented>
	<object>
		<name>block</name>
		<pose>Unspecified</pose>
		<truncated>0</truncated>
		<difficult>0</difficult>
		<bndbox>
			<xmin>278</xmin>
			<ymin>339</ymin>
			<xmax>430</xmax>
			<ymax>493</ymax>
		</bndbox>
	</object>
	<object>
		<name>block</name>
		<pose>Unspecified</pose>
		<truncated>0</truncated>
		<difficult>0</difficult>
		<bndbox>
			<xmin>58</xmin>
			<ymin>484</ymin>
			<xmax>176</xmax>
			<ymax>608</ymax>
		</bndbox>
	</object>
	<object>
		<name>player</name>
		<pose>Unspecified</pose>
		<truncated>0</truncated>
		<difficult>0</difficult>
		<bndbox>
			<xmin>276</xmin>
			<ymin>400</ymin>
			<xmax>313</xmax>
			<ymax>491</ymax>
		</bndbox>
	</object>
</annotation>
