<annotation>
	<folder>dataset</folder>
	<filename>img6.jpg</filename>
	<path>F:\1\yolov5_jumpgame\Game_Jump\dataset\img6.jpg</path>
	<source>
		<database>Unknown</database>
	</source>
	<size>
		<width>447</width>
		<height>842</height>
		<depth>3</depth>
	</size>
	<segmented>0</segmented>
	<object>
		<name>block</name>
		<pose>Unspecified</pose>
		<truncated>0</truncated>
		<difficult>0</difficult>
		<bndbox>
			<xmin>234</xmin>
			<ymin>343</ymin>
			<xmax>428</xmax>
			<ymax>516</ymax>
		</bndbox>
	</object>
	<object>
		<name>block</name>
		<pose>Unspecified</pose>
		<truncated>0</truncated>
		<difficult>0</difficult>
		<bndbox>
			<xmin>37</xmin>
			<ymin>458</ymin>
			<xmax>240</xmax>
			<ymax>623</ymax>
		</bndbox>
	</object>
	<object>
		<name>player</name>
		<pose>Unspecified</pose>
		<truncated>0</truncated>
		<difficult>0</difficult>
		<bndbox>
			<xmin>120</xmin>
			<ymin>440</ymin>
			<xmax>165</xmax>
			<ymax>528</ymax>
		</bndbox>
	</object>
</annotation>
