<annotation>
	<folder>dataset</folder>
	<filename>img69.jpg</filename>
	<path>F:\1\yolov5_jumpgame\Game_Jump\dataset\img69.jpg</path>
	<source>
		<database>Unknown</database>
	</source>
	<size>
		<width>447</width>
		<height>842</height>
		<depth>3</depth>
	</size>
	<segmented>0</segmented>
	<object>
		<name>block</name>
		<pose>Unspecified</pose>
		<truncated>0</truncated>
		<difficult>0</difficult>
		<bndbox>
			<xmin>95</xmin>
			<ymin>370</ymin>
			<xmax>226</xmax>
			<ymax>500</ymax>
		</bndbox>
	</object>
	<object>
		<name>block</name>
		<pose>Unspecified</pose>
		<truncated>0</truncated>
		<difficult>0</difficult>
		<bndbox>
			<xmin>214</xmin>
			<ymin>445</ymin>
			<xmax>413</xmax>
			<ymax>613</ymax>
		</bndbox>
	</object>
	<object>
		<name>block</name>
		<pose>Unspecified</pose>
		<truncated>0</truncated>
		<difficult>0</difficult>
		<bndbox>
			<xmin>25</xmin>
			<ymin>548</ymin>
			<xmax>220</xmax>
			<ymax>722</ymax>
		</bndbox>
	</object>
	<object>
		<name>player</name>
		<pose>Unspecified</pose>
		<truncated>0</truncated>
		<difficult>0</difficult>
		<bndbox>
			<xmin>304</xmin>
			<ymin>419</ymin>
			<xmax>343</xmax>
			<ymax>507</ymax>
		</bndbox>
	</object>
</annotation>
