<annotation>
	<folder>dataset</folder>
	<filename>img70.jpg</filename>
	<path>F:\1\yolov5_jumpgame\Game_Jump\dataset\img70.jpg</path>
	<source>
		<database>Unknown</database>
	</source>
	<size>
		<width>447</width>
		<height>842</height>
		<depth>3</depth>
	</size>
	<segmented>0</segmented>
	<object>
		<name>block</name>
		<pose>Unspecified</pose>
		<truncated>0</truncated>
		<difficult>0</difficult>
		<bndbox>
			<xmin>60</xmin>
			<ymin>298</ymin>
			<xmax>243</xmax>
			<ymax>461</ymax>
		</bndbox>
	</object>
	<object>
		<name>block</name>
		<pose>Unspecified</pose>
		<truncated>0</truncated>
		<difficult>0</difficult>
		<bndbox>
			<xmin>163</xmin>
			<ymin>407</ymin>
			<xmax>340</xmax>
			<ymax>575</ymax>
		</bndbox>
	</object>
	<object>
		<name>block</name>
		<pose>Unspecified</pose>
		<truncated>0</truncated>
		<difficult>0</difficult>
		<bndbox>
			<xmin>317</xmin>
			<ymin>498</ymin>
			<xmax>426</xmax>
			<ymax>628</ymax>
		</bndbox>
	</object>
	<object>
		<name>player</name>
		<pose>Unspecified</pose>
		<truncated>0</truncated>
		<difficult>0</difficult>
		<bndbox>
			<xmin>213</xmin>
			<ymin>370</ymin>
			<xmax>248</xmax>
			<ymax>460</ymax>
		</bndbox>
	</object>
</annotation>
