<annotation>
	<folder>dataset</folder>
	<filename>img72.jpg</filename>
	<path>F:\1\yolov5_jumpgame\Game_Jump\dataset\img72.jpg</path>
	<source>
		<database>Unknown</database>
	</source>
	<size>
		<width>447</width>
		<height>842</height>
		<depth>3</depth>
	</size>
	<segmented>0</segmented>
	<object>
		<name>block</name>
		<pose>Unspecified</pose>
		<truncated>0</truncated>
		<difficult>0</difficult>
		<bndbox>
			<xmin>232</xmin>
			<ymin>342</ymin>
			<xmax>431</xmax>
			<ymax>516</ymax>
		</bndbox>
	</object>
	<object>
		<name>block</name>
		<pose>Unspecified</pose>
		<truncated>0</truncated>
		<difficult>0</difficult>
		<bndbox>
			<xmin>40</xmin>
			<ymin>453</ymin>
			<xmax>233</xmax>
			<ymax>625</ymax>
		</bndbox>
	</object>
	<object>
		<name>player</name>
		<pose>Unspecified</pose>
		<truncated>0</truncated>
		<difficult>0</difficult>
		<bndbox>
			<xmin>122</xmin>
			<ymin>428</ymin>
			<xmax>163</xmax>
			<ymax>517</ymax>
		</bndbox>
	</object>
</annotation>
