<annotation>
	<folder>dataset</folder>
	<filename>img7.jpg</filename>
	<path>F:\1\yolov5_jumpgame\Game_Jump\dataset\img7.jpg</path>
	<source>
		<database>Unknown</database>
	</source>
	<size>
		<width>447</width>
		<height>842</height>
		<depth>3</depth>
	</size>
	<segmented>0</segmented>
	<object>
		<name>block</name>
		<pose>Unspecified</pose>
		<truncated>0</truncated>
		<difficult>0</difficult>
		<bndbox>
			<xmin>24</xmin>
			<ymin>328</ymin>
			<xmax>193</xmax>
			<ymax>490</ymax>
		</bndbox>
	</object>
	<object>
		<name>block</name>
		<pose>Unspecified</pose>
		<truncated>0</truncated>
		<difficult>0</difficult>
		<bndbox>
			<xmin>191</xmin>
			<ymin>593</ymin>
			<xmax>370</xmax>
			<ymax>761</ymax>
		</bndbox>
	</object>
	<object>
		<name>block</name>
		<pose>Unspecified</pose>
		<truncated>0</truncated>
		<difficult>0</difficult>
		<bndbox>
			<xmin>229</xmin>
			<ymin>448</ymin>
			<xmax>358</xmax>
			<ymax>568</ymax>
		</bndbox>
	</object>
	<object>
		<name>block</name>
		<pose>Unspecified</pose>
		<truncated>1</truncated>
		<difficult>0</difficult>
		<bndbox>
			<xmin>343</xmin>
			<ymin>509</ymin>
			<xmax>447</xmax>
			<ymax>674</ymax>
		</bndbox>
	</object>
	<object>
		<name>block</name>
		<pose>Unspecified</pose>
		<truncated>1</truncated>
		<difficult>0</difficult>
		<bndbox>
			<xmin>324</xmin>
			<ymin>671</ymin>
			<xmax>447</xmax>
			<ymax>838</ymax>
		</bndbox>
	</object>
	<object>
		<name>player</name>
		<pose>Unspecified</pose>
		<truncated>0</truncated>
		<difficult>0</difficult>
		<bndbox>
			<xmin>250</xmin>
			<ymin>389</ymin>
			<xmax>290</xmax>
			<ymax>482</ymax>
		</bndbox>
	</object>
</annotation>
