<annotation>
	<folder>dataset</folder>
	<filename>img79.jpg</filename>
	<path>F:\1\yolov5_jumpgame\Game_Jump\dataset\img79.jpg</path>
	<source>
		<database>Unknown</database>
	</source>
	<size>
		<width>447</width>
		<height>842</height>
		<depth>3</depth>
	</size>
	<segmented>0</segmented>
	<object>
		<name>block</name>
		<pose>Unspecified</pose>
		<truncated>0</truncated>
		<difficult>0</difficult>
		<bndbox>
			<xmin>79</xmin>
			<ymin>363</ymin>
			<xmax>246</xmax>
			<ymax>511</ymax>
		</bndbox>
	</object>
	<object>
		<name>block</name>
		<pose>Unspecified</pose>
		<truncated>0</truncated>
		<difficult>0</difficult>
		<bndbox>
			<xmin>218</xmin>
			<ymin>436</ymin>
			<xmax>399</xmax>
			<ymax>612</ymax>
		</bndbox>
	</object>
	<object>
		<name>player</name>
		<pose>Unspecified</pose>
		<truncated>0</truncated>
		<difficult>0</difficult>
		<bndbox>
			<xmin>328</xmin>
			<ymin>436</ymin>
			<xmax>362</xmax>
			<ymax>524</ymax>
		</bndbox>
	</object>
</annotation>
