<annotation>
	<folder>dataset</folder>
	<filename>img78.jpg</filename>
	<path>F:\1\yolov5_jumpgame\Game_Jump\dataset\img78.jpg</path>
	<source>
		<database>Unknown</database>
	</source>
	<size>
		<width>447</width>
		<height>842</height>
		<depth>3</depth>
	</size>
	<segmented>0</segmented>
	<object>
		<name>block</name>
		<pose>Unspecified</pose>
		<truncated>0</truncated>
		<difficult>0</difficult>
		<bndbox>
			<xmin>37</xmin>
			<ymin>340</ymin>
			<xmax>238</xmax>
			<ymax>505</ymax>
		</bndbox>
	</object>
	<object>
		<name>block</name>
		<pose>Unspecified</pose>
		<truncated>0</truncated>
		<difficult>0</difficult>
		<bndbox>
			<xmin>235</xmin>
			<ymin>448</ymin>
			<xmax>433</xmax>
			<ymax>621</ymax>
		</bndbox>
	</object>
	<object>
		<name>block</name>
		<pose>Unspecified</pose>
		<truncated>0</truncated>
		<difficult>0</difficult>
		<bndbox>
			<xmin>45</xmin>
			<ymin>559</ymin>
			<xmax>246</xmax>
			<ymax>731</ymax>
		</bndbox>
	</object>
	<object>
		<name>player</name>
		<pose>Unspecified</pose>
		<truncated>0</truncated>
		<difficult>0</difficult>
		<bndbox>
			<xmin>281</xmin>
			<ymin>447</ymin>
			<xmax>317</xmax>
			<ymax>537</ymax>
		</bndbox>
	</object>
</annotation>
