<annotation>
	<folder>dataset</folder>
	<filename>img8.jpg</filename>
	<path>F:\1\yolov5_jumpgame\Game_Jump\dataset\img8.jpg</path>
	<source>
		<database>Unknown</database>
	</source>
	<size>
		<width>447</width>
		<height>842</height>
		<depth>3</depth>
	</size>
	<segmented>0</segmented>
	<object>
		<name>block</name>
		<pose>Unspecified</pose>
		<truncated>1</truncated>
		<difficult>0</difficult>
		<bndbox>
			<xmin>1</xmin>
			<ymin>312</ymin>
			<xmax>182</xmax>
			<ymax>475</ymax>
		</bndbox>
	</object>
	<object>
		<name>block</name>
		<pose>Unspecified</pose>
		<truncated>0</truncated>
		<difficult>0</difficult>
		<bndbox>
			<xmin>180</xmin>
			<ymin>422</ymin>
			<xmax>350</xmax>
			<ymax>576</ymax>
		</bndbox>
	</object>
	<object>
		<name>player</name>
		<pose>Unspecified</pose>
		<truncated>0</truncated>
		<difficult>0</difficult>
		<bndbox>
			<xmin>233</xmin>
			<ymin>381</ymin>
			<xmax>274</xmax>
			<ymax>473</ymax>
		</bndbox>
	</object>
</annotation>
