<annotation>
	<folder>dataset</folder>
	<filename>img87.jpg</filename>
	<path>F:\1\yolov5_jumpgame\Game_Jump\dataset\img87.jpg</path>
	<source>
		<database>Unknown</database>
	</source>
	<size>
		<width>447</width>
		<height>842</height>
		<depth>3</depth>
	</size>
	<segmented>0</segmented>
	<object>
		<name>block</name>
		<pose>Unspecified</pose>
		<truncated>0</truncated>
		<difficult>0</difficult>
		<bndbox>
			<xmin>310</xmin>
			<ymin>360</ymin>
			<xmax>400</xmax>
			<ymax>468</ymax>
		</bndbox>
	</object>
	<object>
		<name>block</name>
		<pose>Unspecified</pose>
		<truncated>0</truncated>
		<difficult>0</difficult>
		<bndbox>
			<xmin>30</xmin>
			<ymin>471</ymin>
			<xmax>206</xmax>
			<ymax>632</ymax>
		</bndbox>
	</object>
	<object>
		<name>player</name>
		<pose>Unspecified</pose>
		<truncated>0</truncated>
		<difficult>0</difficult>
		<bndbox>
			<xmin>296</xmin>
			<ymin>374</ymin>
			<xmax>336</xmax>
			<ymax>466</ymax>
		</bndbox>
	</object>
</annotation>
