<annotation>
	<folder>dataset</folder>
	<filename>img86.jpg</filename>
	<path>F:\1\yolov5_jumpgame\Game_Jump\dataset\img86.jpg</path>
	<source>
		<database>Unknown</database>
	</source>
	<size>
		<width>447</width>
		<height>842</height>
		<depth>3</depth>
	</size>
	<segmented>0</segmented>
	<object>
		<name>block</name>
		<pose>Unspecified</pose>
		<truncated>0</truncated>
		<difficult>0</difficult>
		<bndbox>
			<xmin>262</xmin>
			<ymin>341</ymin>
			<xmax>443</xmax>
			<ymax>492</ymax>
		</bndbox>
	</object>
	<object>
		<name>block</name>
		<pose>Unspecified</pose>
		<truncated>0</truncated>
		<difficult>0</difficult>
		<bndbox>
			<xmin>35</xmin>
			<ymin>466</ymin>
			<xmax>205</xmax>
			<ymax>630</ymax>
		</bndbox>
	</object>
	<object>
		<name>player</name>
		<pose>Unspecified</pose>
		<truncated>0</truncated>
		<difficult>0</difficult>
		<bndbox>
			<xmin>313</xmin>
			<ymin>297</ymin>
			<xmax>356</xmax>
			<ymax>384</ymax>
		</bndbox>
	</object>
</annotation>
