<annotation>
	<folder>dataset</folder>
	<filename>img95.jpg</filename>
	<path>F:\1\yolov5_jumpgame\Game_Jump\dataset\img95.jpg</path>
	<source>
		<database>Unknown</database>
	</source>
	<size>
		<width>447</width>
		<height>842</height>
		<depth>3</depth>
	</size>
	<segmented>0</segmented>
	<object>
		<name>block</name>
		<pose>Unspecified</pose>
		<truncated>0</truncated>
		<difficult>0</difficult>
		<bndbox>
			<xmin>275</xmin>
			<ymin>349</ymin>
			<xmax>409</xmax>
			<ymax>476</ymax>
		</bndbox>
	</object>
	<object>
		<name>block</name>
		<pose>Unspecified</pose>
		<truncated>0</truncated>
		<difficult>0</difficult>
		<bndbox>
			<xmin>74</xmin>
			<ymin>473</ymin>
			<xmax>192</xmax>
			<ymax>595</ymax>
		</bndbox>
	</object>
	<object>
		<name>block</name>
		<pose>Unspecified</pose>
		<truncated>1</truncated>
		<difficult>0</difficult>
		<bndbox>
			<xmin>279</xmin>
			<ymin>592</ymin>
			<xmax>447</xmax>
			<ymax>767</ymax>
		</bndbox>
	</object>
	<object>
		<name>player</name>
		<pose>Unspecified</pose>
		<truncated>0</truncated>
		<difficult>0</difficult>
		<bndbox>
			<xmin>117</xmin>
			<ymin>432</ymin>
			<xmax>154</xmax>
			<ymax>523</ymax>
		</bndbox>
	</object>
</annotation>
