<annotation>
	<folder>dataset</folder>
	<filename>img92.jpg</filename>
	<path>F:\1\yolov5_jumpgame\Game_Jump\dataset\img92.jpg</path>
	<source>
		<database>Unknown</database>
	</source>
	<size>
		<width>447</width>
		<height>842</height>
		<depth>3</depth>
	</size>
	<segmented>0</segmented>
	<object>
		<name>block</name>
		<pose>Unspecified</pose>
		<truncated>0</truncated>
		<difficult>0</difficult>
		<bndbox>
			<xmin>63</xmin>
			<ymin>349</ymin>
			<xmax>222</xmax>
			<ymax>507</ymax>
		</bndbox>
	</object>
	<object>
		<name>block</name>
		<pose>Unspecified</pose>
		<truncated>0</truncated>
		<difficult>0</difficult>
		<bndbox>
			<xmin>243</xmin>
			<ymin>457</ymin>
			<xmax>412</xmax>
			<ymax>617</ymax>
		</bndbox>
	</object>
	<object>
		<name>player</name>
		<pose>Unspecified</pose>
		<truncated>0</truncated>
		<difficult>0</difficult>
		<bndbox>
			<xmin>179</xmin>
			<ymin>319</ymin>
			<xmax>215</xmax>
			<ymax>403</ymax>
		</bndbox>
	</object>
</annotation>
