<annotation>
	<folder>dataset</folder>
	<filename>img93.jpg</filename>
	<path>F:\1\yolov5_jumpgame\Game_Jump\dataset\img93.jpg</path>
	<source>
		<database>Unknown</database>
	</source>
	<size>
		<width>447</width>
		<height>842</height>
		<depth>3</depth>
	</size>
	<segmented>0</segmented>
	<object>
		<name>block</name>
		<pose>Unspecified</pose>
		<truncated>0</truncated>
		<difficult>0</difficult>
		<bndbox>
			<xmin>40</xmin>
			<ymin>447</ymin>
			<xmax>243</xmax>
			<ymax>625</ymax>
		</bndbox>
	</object>
	<object>
		<name>block</name>
		<pose>Unspecified</pose>
		<truncated>0</truncated>
		<difficult>0</difficult>
		<bndbox>
			<xmin>231</xmin>
			<ymin>341</ymin>
			<xmax>428</xmax>
			<ymax>518</ymax>
		</bndbox>
	</object>
	<object>
		<name>player</name>
		<pose>Unspecified</pose>
		<truncated>0</truncated>
		<difficult>0</difficult>
		<bndbox>
			<xmin>120</xmin>
			<ymin>426</ymin>
			<xmax>159</xmax>
			<ymax>518</ymax>
		</bndbox>
	</object>
</annotation>
