<annotation>
	<folder>dataset</folder>
	<filename>img97.jpg</filename>
	<path>F:\1\yolov5_jumpgame\Game_Jump\dataset\img97.jpg</path>
	<source>
		<database>Unknown</database>
	</source>
	<size>
		<width>447</width>
		<height>842</height>
		<depth>3</depth>
	</size>
	<segmented>0</segmented>
	<object>
		<name>block</name>
		<pose>Unspecified</pose>
		<truncated>0</truncated>
		<difficult>0</difficult>
		<bndbox>
			<xmin>230</xmin>
			<ymin>340</ymin>
			<xmax>427</xmax>
			<ymax>522</ymax>
		</bndbox>
	</object>
	<object>
		<name>block</name>
		<pose>Unspecified</pose>
		<truncated>0</truncated>
		<difficult>0</difficult>
		<bndbox>
			<xmin>40</xmin>
			<ymin>456</ymin>
			<xmax>235</xmax>
			<ymax>624</ymax>
		</bndbox>
	</object>
	<object>
		<name>player</name>
		<pose>Unspecified</pose>
		<truncated>0</truncated>
		<difficult>0</difficult>
		<bndbox>
			<xmin>122</xmin>
			<ymin>424</ymin>
			<xmax>160</xmax>
			<ymax>512</ymax>
		</bndbox>
	</object>
</annotation>
