<annotation>
	<folder>dataset</folder>
	<filename>img90.jpg</filename>
	<path>F:\1\yolov5_jumpgame\Game_Jump\dataset\img90.jpg</path>
	<source>
		<database>Unknown</database>
	</source>
	<size>
		<width>447</width>
		<height>842</height>
		<depth>3</depth>
	</size>
	<segmented>0</segmented>
	<object>
		<name>block</name>
		<pose>Unspecified</pose>
		<truncated>0</truncated>
		<difficult>0</difficult>
		<bndbox>
			<xmin>35</xmin>
			<ymin>341</ymin>
			<xmax>206</xmax>
			<ymax>495</ymax>
		</bndbox>
	</object>
	<object>
		<name>block</name>
		<pose>Unspecified</pose>
		<truncated>0</truncated>
		<difficult>0</difficult>
		<bndbox>
			<xmin>269</xmin>
			<ymin>473</ymin>
			<xmax>436</xmax>
			<ymax>627</ymax>
		</bndbox>
	</object>
	<object>
		<name>player</name>
		<pose>Unspecified</pose>
		<truncated>0</truncated>
		<difficult>0</difficult>
		<bndbox>
			<xmin>178</xmin>
			<ymin>379</ymin>
			<xmax>215</xmax>
			<ymax>471</ymax>
		</bndbox>
	</object>
</annotation>
