<annotation>
	<folder>dataset</folder>
	<filename>img98.jpg</filename>
	<path>F:\1\yolov5_jumpgame\Game_Jump\dataset\img98.jpg</path>
	<source>
		<database>Unknown</database>
	</source>
	<size>
		<width>447</width>
		<height>842</height>
		<depth>3</depth>
	</size>
	<segmented>0</segmented>
	<object>
		<name>block</name>
		<pose>Unspecified</pose>
		<truncated>0</truncated>
		<difficult>0</difficult>
		<bndbox>
			<xmin>47</xmin>
			<ymin>344</ymin>
			<xmax>216</xmax>
			<ymax>510</ymax>
		</bndbox>
	</object>
	<object>
		<name>block</name>
		<pose>Unspecified</pose>
		<truncated>0</truncated>
		<difficult>0</difficult>
		<bndbox>
			<xmin>274</xmin>
			<ymin>480</ymin>
			<xmax>407</xmax>
			<ymax>613</ymax>
		</bndbox>
	</object>
	<object>
		<name>block</name>
		<pose>Unspecified</pose>
		<truncated>1</truncated>
		<difficult>0</difficult>
		<bndbox>
			<xmin>235</xmin>
			<ymin>676</ymin>
			<xmax>434</xmax>
			<ymax>842</ymax>
		</bndbox>
	</object>
	<object>
		<name>player</name>
		<pose>Unspecified</pose>
		<truncated>0</truncated>
		<difficult>0</difficult>
		<bndbox>
			<xmin>342</xmin>
			<ymin>457</ymin>
			<xmax>381</xmax>
			<ymax>542</ymax>
		</bndbox>
	</object>
</annotation>
