<annotation>
	<folder>dataset</folder>
	<filename>img96.jpg</filename>
	<path>F:\1\yolov5_jumpgame\Game_Jump\dataset\img96.jpg</path>
	<source>
		<database>Unknown</database>
	</source>
	<size>
		<width>447</width>
		<height>842</height>
		<depth>3</depth>
	</size>
	<segmented>0</segmented>
	<object>
		<name>block</name>
		<pose>Unspecified</pose>
		<truncated>0</truncated>
		<difficult>0</difficult>
		<bndbox>
			<xmin>204</xmin>
			<ymin>381</ymin>
			<xmax>373</xmax>
			<ymax>530</ymax>
		</bndbox>
	</object>
	<object>
		<name>block</name>
		<pose>Unspecified</pose>
		<truncated>0</truncated>
		<difficult>0</difficult>
		<bndbox>
			<xmin>95</xmin>
			<ymin>433</ymin>
			<xmax>268</xmax>
			<ymax>592</ymax>
		</bndbox>
	</object>
	<object>
		<name>block</name>
		<pose>Unspecified</pose>
		<truncated>1</truncated>
		<difficult>0</difficult>
		<bndbox>
			<xmin>1</xmin>
			<ymin>537</ymin>
			<xmax>84</xmax>
			<ymax>654</ymax>
		</bndbox>
	</object>
	<object>
		<name>player</name>
		<pose>Unspecified</pose>
		<truncated>0</truncated>
		<difficult>0</difficult>
		<bndbox>
			<xmin>167</xmin>
			<ymin>402</ymin>
			<xmax>203</xmax>
			<ymax>491</ymax>
		</bndbox>
	</object>
</annotation>
