<annotation>
	<folder>dataset</folder>
	<filename>img94.jpg</filename>
	<path>F:\1\yolov5_jumpgame\Game_Jump\dataset\img94.jpg</path>
	<source>
		<database>Unknown</database>
	</source>
	<size>
		<width>447</width>
		<height>842</height>
		<depth>3</depth>
	</size>
	<segmented>0</segmented>
	<object>
		<name>block</name>
		<pose>Unspecified</pose>
		<truncated>0</truncated>
		<difficult>0</difficult>
		<bndbox>
			<xmin>67</xmin>
			<ymin>354</ymin>
			<xmax>256</xmax>
			<ymax>527</ymax>
		</bndbox>
	</object>
	<object>
		<name>block</name>
		<pose>Unspecified</pose>
		<truncated>0</truncated>
		<difficult>0</difficult>
		<bndbox>
			<xmin>208</xmin>
			<ymin>435</ymin>
			<xmax>406</xmax>
			<ymax>609</ymax>
		</bndbox>
	</object>
	<object>
		<name>block</name>
		<pose>Unspecified</pose>
		<truncated>0</truncated>
		<difficult>0</difficult>
		<bndbox>
			<xmin>16</xmin>
			<ymin>548</ymin>
			<xmax>221</xmax>
			<ymax>721</ymax>
		</bndbox>
	</object>
	<object>
		<name>player</name>
		<pose>Unspecified</pose>
		<truncated>0</truncated>
		<difficult>0</difficult>
		<bndbox>
			<xmin>275</xmin>
			<ymin>422</ymin>
			<xmax>315</xmax>
			<ymax>515</ymax>
		</bndbox>
	</object>
</annotation>
